Date,Open,Close,Adj Close,VWSMA_200,VWEMA_50,VWEMA_20,RSI_Daily,ADX
2016-02-29,851.0,830.4000244140625,734.8976440429688,,734.8976440429688,734.8976440429688,,
2016-03-01,829.8499755859375,824.1500244140625,729.3663940429688,,734.6807322782629,734.3708583286831,,
2016-03-02,830.0,849.25,751.5797119140625,,735.3434373620198,736.0097967653859,,
2016-03-03,855.5,848.9000244140625,751.27001953125,,735.9680092117935,737.4631513145158,,
2016-03-04,848.5,848.75,751.1372680664062,,736.5628821080529,738.7654481480291,,
2016-03-08,848.0,826.25,731.2249145507812,,736.3535500469835,738.0473020911484,,
2016-03-09,826.5499877929688,839.6500244140625,743.083740234375,,736.6174790739401,738.5269628666938,,
2016-03-10,837.0,837.5499877929688,741.2252807617188,,736.7981771793432,738.7839455233628,,
2016-03-11,842.0,851.5999755859375,753.6595458984375,,737.45940732519,740.200669368608,,
2016-03-14,855.0499877929688,857.1500244140625,758.5711059570312,,738.2873170754583,741.9502347579817,,
2016-03-15,852.0999755859375,840.7999877929688,744.1015014648438,,738.5153243064145,742.1551173014924,,
2016-03-16,844.9000244140625,844.1500244140625,747.06640625,,738.8506608532218,742.6228591061122,,
2016-03-17,848.0999755859375,849.6500244140625,751.9337158203125,,739.3637218323234,743.5096073646075,,
2016-03-18,850.0,848.3499755859375,750.7831420898438,,739.8115422345792,744.2023249574872,,
2016-03-21,847.0999755859375,879.6500244140625,778.4835815429688,,741.3280927956926,747.4672065370569,66.72326079605224,
2016-03-22,876.0499877929688,870.1500244140625,770.0761108398438,,742.455466052326,749.6204355182747,62.388555812965585,
2016-03-23,870.0,873.5999755859375,773.1292114257812,,743.6583580277556,751.8593665570849,63.32045023494356,
2016-03-28,876.0,863.6500244140625,764.3236083984375,,744.4687600030765,753.0464372086423,58.79569680560962,
2016-03-29,860.2999877929688,861.1500244140625,762.1110229492188,,745.1606134519449,753.9097310886972,57.68036381809603,
2016-03-30,862.0,861.6500244140625,762.5535888671875,,745.8426909192093,754.7329556390296,57.852587362119266,
2016-03-31,855.5,869.5,769.5007934570312,,746.7704596461828,756.1394163836011,60.565546363951924,
2016-04-01,867.0999755859375,867.7999877929688,767.9963989257812,,747.6028494218533,757.2686528161896,59.66984433663127,
2016-04-04,863.0999755859375,872.2000122070312,771.8903198242188,,748.5552992415539,758.66119253124,61.26658282410226,
2016-04-05,870.2000122070312,868.5,768.6159057617188,,749.3419896933251,759.6092604579522,59.14597553530774,
2016-04-06,869.0,871.7000122070312,771.4478759765625,,750.2088871946285,760.7367476502009,60.42191803488709,
2016-04-07,870.0,860.0,761.0934448242188,,750.6357325918673,760.7707188096311,53.805198269571385,
2016-04-08,861.0,850.4000244140625,752.5975341796875,,750.7126659874681,759.992320273446,49.05810886147555,
2016-04-11,853.0,864.2999877929688,764.8987426757812,,751.2689827203432,760.459598597478,55.21870015351128,26.3521500095975
2016-04-12,866.9000244140625,872.5,772.1557006835938,,752.0880696992941,761.57351308187,58.413824948369566,25.877607048531583
2016-04-13,875.0,897.7000122070312,794.4575805664062,,753.7496191450632,764.7053290327782,66.35793602604993,26.857764777040757
2016-04-18,900.2000122070312,899.1500244140625,795.74072265625,,755.3963290866784,767.6610808064421,66.75147403924419,27.99918024387267
2016-04-20,899.0999755859375,904.0999755859376,800.1215209960938,,757.1502581811653,770.7525513006947,68.1225176358823,29.104807404407097
2016-04-21,905.0,904.0499877929688,800.0772705078125,,758.8336704292692,773.5453817013727,68.09197375055692,30.172785253043525
2016-04-22,897.7999877929688,884.2000122070312,782.5101928710938,,759.7621615054192,774.3991732413461,57.138993315734346,29.75120185346746
2016-04-25,880.5,884.1500244140625,782.4660034179688,,760.6525082470878,775.1674427819769,57.11410568471818,28.661817597431984
2016-04-26,881.5999755859375,885.75,783.8820190429688,,761.5634694547693,775.9974024258809,57.749173762262586,28.097536357385618
2016-04-27,884.4000244140625,892.2000122070312,789.590087890625,,762.6625525306853,777.2919438987137,60.301221514380686,27.573560920199707
2016-04-28,893.2000122070312,876.25,775.4744873046875,,763.1649813453521,777.1188527945208,51.945294388221754,26.161908644305942
2016-04-29,876.0,867.9000244140625,768.0847778320312,,763.3579145409082,776.258464702855,48.1812134427548,24.667144810807105
2016-05-02,867.0,863.9500122070312,764.5892333984375,,763.4062015549289,775.1471093405295,46.46599236440678,23.579195045327364
2016-05-03,863.9500122070312,851.0,753.1282958984375,,763.003146431145,773.0500794889017,41.277451432348414,23.04569539820397
2016-05-04,850.0,853.4000244140625,755.2523803710938,,762.6991948209469,771.3550605253009,42.55765350560871,22.810269646138703
2016-05-05,859.0,850.1500244140625,752.3761596679688,,762.294369912987,769.547546157936,41.2463762254821,22.031461791126343
2016-05-06,848.0,853.4000244140625,755.2523803710938,,762.0182134603638,768.1861017972844,43.13332193366424,21.311978380014615
2016-05-09,851.0,845.5,748.2610473632812,,761.4787167506743,766.2884775654746,39.78827424612011,20.07993160029864
2016-05-10,848.7999877929688,862.4500122070312,763.26171875,,761.5486383977067,766.0002148211438,48.93825983220546,18.93588816199095
2016-05-11,855.0,862.5499877929688,763.3501586914062,,761.6192862523616,765.7478285230736,48.987479485451836,17.873562112133804
2016-05-12,858.4000244140625,853.0,754.8983764648438,,761.355721162655,764.7145473746707,44.566337905826764,16.715058147915073
2016-05-13,852.9500122070312,831.7999877929688,736.1365966796875,,760.3667358888131,761.9928377846724,36.65735146715194,17.44135673932019
2016-05-16,833.0,846.25,748.9248046875,,759.9180327044479,760.7482632039893,43.95779784434474,18.38625228608789
2016-05-17,850.0,834.0499877929688,738.1278686523438,,759.0635164671106,758.5939399133563,39.78829698299586,19.073077897087376
2016-05-18,833.7000122070312,825.5,730.5611572265625,,757.94577688905,755.9241510860426,37.13022322990721,20.15740110498321
2016-05-19,826.0999755859375,815.0999755859375,721.357177734375,,756.5109298633764,752.6320583858837,34.1423748410963,21.769225674048272
2016-05-20,820.0,812.4000244140625,718.9677734375,,755.0386492192245,749.4259360098472,33.39116503290735,23.446060562329667
2016-05-23,817.0,819.5999755859375,725.3396606445312,,753.8739830006091,747.1320050226742,37.34986559824578,24.47506716090346
2016-05-24,819.0,823.0999755859375,728.4370727539062,,752.8764571085816,745.3515352827916,39.24025955921917,25.430573288150555
2016-05-25,828.0,840.0999755859375,743.4819946289062,,752.508046815261,745.1734837919453,47.523014660373434,24.60040995220483
2016-05-26,840.2000122070312,850.3499755859375,752.55322265625,,752.5098184168684,745.8763160647362,51.79032244567821,22.84689547490748
2016-05-27,851.3499755859375,861.2000122070312,762.1553955078125,,752.8880763420035,747.4267045831244,55.88016930070175,22.011183746797037
2016-05-30,864.0,854.3499755859375,756.0931396484375,,753.0137650991186,748.2520793512496,52.83279479408199,21.313554042020314
2016-05-31,857.7999877929688,848.2000122070312,750.6504516601562,,752.921086140728,748.4804957616216,50.186611921163816,20.28001270821326
2016-06-01,852.1500244140625,855.1500244140625,756.8010864257812,,753.0732430146517,749.272932967732,53.04852657737597,19.564993929623288
2016-06-02,855.0,868.2000122070312,768.350341796875,,753.67234492768,751.089829046698,57.93555121551843,18.309305786472766
2016-06-03,872.0,884.8499755859375,783.0853881835938,,754.8257976043825,754.1370251549738,63.19864722297919,17.821850221272374
2016-06-06,887.5999755859375,879.3499755859375,778.2179565429688,,755.7431371706016,756.4304471919256,60.50553629801787,17.615281804089417
2016-06-07,884.0,897.0499877929688,793.8822021484375,,757.2387867775756,759.9972809973077,65.58775930387384,17.82763209163065
2016-06-08,895.0,897.2000122070312,794.0150146484375,,758.6809917921192,763.2370651545582,65.62814565444192,18.525954533952536
2016-06-09,899.0,876.4500122070312,775.6514892578125,,759.3465014966563,764.4193912596301,55.86550738645183,17.80134130884759
2016-06-10,876.0,874.6500244140625,774.0584106445312,,759.9234391102985,765.3373931058111,55.099747688530556,16.894137834687537
2016-06-13,867.3499755859375,874.2000122070312,773.6602172851562,,760.4621362936264,766.1300430276534,54.89719388957008,15.780110334133042
2016-06-14,872.0999755859375,865.7000122070312,766.1378173828125,,760.6847120226141,766.1307834424305,51.077181308250964,15.048055806384104
2016-06-15,868.0,874.6500244140625,774.0584106445312,,761.2091707921011,766.8857955569163,54.6550893623933,14.261160286479916
2016-06-16,871.8499755859375,879.4500122070312,778.3063354492188,,761.8796478374782,767.9734660228498,56.49282233646639,13.284476310530156
2016-06-17,883.9500122070312,881.3499755859375,779.9879150390625,,762.5897759630304,769.1176992624892,57.231747829511626,12.67237066276204
2016-06-20,875.0,879.4000244140625,778.2620849609375,,763.2043763158896,769.9885931385319,56.17720277576325,11.938352699690826
2016-06-21,876.5,870.25,770.16455078125,,763.4773243341391,770.005351009267,51.39237553382486,11.287934208076978
2016-06-22,862.9500122070312,859.25,768.8223876953125,,763.6869346620283,769.8926878365094,50.62273324047197,11.396219728566718
2016-06-23,860.0,869.3499755859375,777.8594970703125,,764.2427214231375,770.6514315730622,55.45949102811545,11.016314288271255
2016-06-24,858.5499877929688,859.0999755859375,768.688232421875,,764.4170551877938,770.4644602253301,50.0963663841469,11.206547421582327
2016-06-27,858.0,858.8499755859375,768.4645385742188,,764.5757800264772,770.2739914966528,49.96943880987793,10.43263642920532
2016-06-28,861.0,887.75,794.3230590820312,,765.7423399894401,772.5643788857365,61.9659852833911,10.81971297855311
2016-06-29,889.9000244140625,883.7999877929688,790.788818359375,,766.7245548274767,774.3000397879878,59.853528835992634,11.430536169497529
2016-06-30,891.0,898.5499877929688,803.9866333007812,,768.185812806822,777.1273344082539,64.69386155242051,12.49180109331458
2016-07-01,898.5999755859375,897.5999755859375,803.136474609375,,769.5564269951575,779.6043953797891,64.15725464605917,13.07244301303862
2016-07-04,900.0,893.0499877929688,799.0652465820312,,770.7136356064075,781.4578097800027,61.5254241703671,13.61161050992523
2016-07-05,895.2000122070312,890.2000122070312,796.5153198242188,,771.7254663600472,782.8918583556423,59.868890337029136,13.997917115033896
2016-07-07,890.0,918.2999877929688,821.6578979492188,,773.6836009321715,786.5838621264592,68.79139583358935,15.677031691318762
2016-07-08,919.0,920.7000122070312,823.8054809570312,,775.6491648547151,790.1287782055613,69.41687429553699,17.50894234858942
2016-07-11,927.0,929.4000244140624,831.58984375,,777.8429169682557,794.0774511145555,71.63591176180067,19.555423238180147
2016-07-12,933.9000244140624,925.2999877929688,827.9213256835938,,779.8067761335631,797.3006772639877,69.09165669008974,20.687168039220403
2016-07-13,923.0999755859376,927.4500122070312,829.8450317382812,,781.7690606670815,800.4001395948728,69.69939126218524,21.738073925900636
2016-07-14,927.0,932.9500122070312,834.7662353515625,,783.8473812429436,803.67310109551,71.25641915289036,22.967749694399693
2016-07-15,935.0,941.5,842.41650390625,,786.1442095826811,807.3629489822471,73.53327373590824,24.792279032590805
2016-07-18,944.0,921.9500122070312,824.9237060546875,,787.6649741502108,809.0354020367653,61.53118156200047,24.53099554279485
2016-07-19,904.0999755859376,895.1500244140625,800.9443969726562,,788.1857358295224,808.2648301258978,49.5837512053334,22.85790249086727
2016-07-20,899.4500122070312,906.9000244140624,811.4577026367188,,789.0983619788243,808.5689132221664,53.8176689110457,21.493473244567745
2016-07-21,907.0,910.0499877929688,814.2761840820312,,790.0857275514991,809.1124628278678,54.91088045866947,20.41644741359851
2016-07-22,911.2000122070312,903.2000122070312,808.1471557617188,,790.7940188538606,809.020528821568,52.02674189808004,19.18717929430939
2016-07-25,900.5,906.9500122070312,811.5023193359375,,791.606109068844,809.2568898229364,53.46759583883583,17.957871020083836
2016-07-26,911.9000244140624,902.7000122070312,807.6997680664062,,792.2372329511014,809.1085925127907,51.57689842600058,16.991579593588177
2016-07-27,900.0,903.8499755859376,808.7286987304688,,792.8839570993119,809.0724121525695,52.070785207514106,16.036770818117215
2016-07-28,904.9000244140624,909.4000244140624,813.6946411132812,,793.7000623547617,809.5126244345421,54.48370007594707,15.410598342275282
2016-07-29,905.4000244140624,922.5499877929688,825.4608154296875,,794.9455820831902,811.0314997674132,59.66503488192808,15.63093143600216
2016-08-01,930.0,925.0,827.6527709960938,,796.2282169425198,812.6144779796684,60.56563238376087,16.13829987929145
2016-08-02,928.9000244140624,927.4000244140624,829.8003540039062,,797.5447713370841,814.2512280772148,61.47327328987626,17.19977577969022
2016-08-03,926.7999877929688,913.7999877929688,817.6315307617188,,798.3324873929521,814.5731616662151,53.902635212227246,16.92089273610691
2016-08-04,922.0,918.0499877929688,821.4343872070312,,799.2384442484063,815.2266117177214,55.73719191943487,16.606041850437908
2016-08-05,921.1500244140624,925.5,828.1002807617188,,800.3702809744186,816.4526754361974,58.83010640255451,16.71154979788511
2016-08-08,926.5499877929688,929.5,831.6792602539062,,801.5980840834181,817.9028263712173,60.428900676452514,17.146267148275175
2016-08-09,929.5,934.25,835.929443359375,,802.9444118981617,819.6196470367561,62.30119260561893,17.64133611587278
2016-08-10,935.0,924.9500122070312,827.6082763671875,,803.9116222694961,820.3804688777495,56.64980435479381,17.965366110629756
2016-08-11,924.9000244140624,935.6500244140624,837.1820678710938,,805.2163456264216,821.9806211628298,61.029819502080784,18.446862120742434
2016-08-12,934.7999877929688,935.0,836.6005249023438,,806.4470977548891,823.3729929475455,60.629092923292205,19.441047329461917
2016-08-16,931.25,926.2000122070312,828.7266235351562,,807.3208046482329,823.882862527318,55.33158050709911,19.85236656659028
2016-08-17,924.9000244140624,913.2000122070312,817.0946655273438,,807.7040933101589,823.2363675749395,48.57876450292745,19.146092072566763
2016-08-18,913.0,906.9000244140624,811.4577026367188,,807.8512936759064,822.1145899617757,45.669928694543884,18.046435739136097
2016-08-19,909.0,910.6500244140624,814.8130493164062,,808.124303701024,821.4192051384072,47.67824427654369,16.830256728930987
2016-08-22,911.9000244140624,930.0499877929688,832.17138671875,,809.0673265644643,822.4432224317732,56.61340998224795,16.882113479631382
2016-08-23,931.0,921.7000122070312,824.7000732421875,,809.6803754537868,822.6581606041935,52.460732802703724,16.93026617671032
2016-08-24,921.0,919.4000244140624,822.6422119140625,,810.1886827659546,822.656641681324,51.3436146028751,16.031708089272417
2016-08-25,921.0,910.7999877929688,814.947265625,,810.3752938584662,821.9224153902455,47.288574381680284,15.110685881853032
2016-08-26,914.7999877929688,904.5,809.3104248046875,,810.3335342877298,820.7212734297161,44.515059225984885,14.389676349351259
2016-08-29,906.0,905.2000122070312,809.9366455078125,,810.3179700218508,819.6941660085824,44.901683383149724,13.72016749774247
2016-08-30,908.0,924.7999877929688,827.473876953125,,810.9907506858224,820.4350908604437,54.46989563512954,13.799548100241795
2016-08-31,925.0,917.0499877929688,820.5394897460938,,811.3652110411272,820.4450336114579,50.719322389017805,13.88676184932821
2016-09-01,917.0999755859376,925.7999877929688,828.36865234375,,812.0320126608378,821.1996639669143,54.526405036698314,14.177844227953207
2016-09-02,923.5,920.75,823.85009765625,,812.4954669743834,821.4520862230415,52.02822596620077,14.448135008104995
2016-09-06,924.25,937.8499755859376,839.150634765625,,813.5407676720791,823.1376622747161,58.89568303555364,15.5787638667139
2016-09-07,937.0,933.0,834.8109130859375,,814.3748910216422,824.2494004472135,56.42824311326153,16.628633521136454
2016-09-08,933.0,951.5499877929688,851.4087524414062,,815.8271993126133,826.8360053990414,62.84045512212318,18.41227084720057
2016-09-09,950.0,929.9500122070312,832.0818481445312,,816.4646365217081,827.3356094700404,53.05036670215731,19.59810163422032
2016-09-12,924.8499755859376,918.4500122070312,821.792236328125,,816.6735620043128,826.8076691708104,48.700259625310785,19.20993077286846
2016-09-14,917.0,908.4500122070312,812.844482421875,,816.5234020206879,825.477841861388,45.22720933871858,18.225388415097353
2016-09-15,910.2000122070312,914.0,817.8106079101562,,816.57388068302,824.7476291041279,47.46647034905376,17.311170511452755
2016-09-16,916.25,911.7000122070312,815.7525634765625,,816.5416721651197,823.8909561872168,46.615928033597314,17.033276242579664
2016-09-19,915.4500122070312,911.9500122070312,815.976318359375,,816.5195014276395,823.1371811559939,46.727694863730974,16.746778960544216
2016-09-20,912.1500244140624,902.9000244140624,807.8787231445312,,816.1806473773215,821.6839946787117,43.20253593123858,15.72447037132741
2016-09-21,902.0,913.0499877929688,816.9603881835938,,816.2112254481558,821.2341273934624,47.9455689552478,14.74380891671124
2016-09-22,913.0,910.1500244140624,814.36572265625,,816.1388527896497,820.5799936089659,46.744525976700935,14.13371970392065
2016-09-23,911.0,910.5499877929688,814.723388671875,,816.0833443928742,820.0222217101953,46.94183333857181,13.342009771058809
2016-09-26,909.0,892.5999755859375,798.6627197265625,,815.4001826412541,817.9879834260397,39.80943366757448,13.42861540920666
2016-09-27,895.0,897.2999877929688,802.8679809570312,,814.9087237516768,816.547983190896,42.28228925101554,13.509034930343953
2016-09-28,900.0,887.1500244140625,793.7861938476562,,814.0803892456368,814.380193729635,38.59455681006142,14.19526793560992
2016-09-29,891.0,878.2999877929688,785.8674926757812,,812.9740011448581,811.6646983911727,35.673040231965594,15.343561779725674
2016-09-30,877.0999755859375,867.8499755859375,776.5172119140625,,811.5443231358074,808.3173187266859,32.54072868500689,16.903091547992606
2016-10-03,878.0,868.75,777.3226318359375,,810.2022960260086,805.3654437847099,33.08576537929905,18.60613681726178
2016-10-04,872.0,860.4000244140625,769.8513793945312,,808.6199071384998,801.9831519380263,30.614775841104752,20.261733238997454
2016-10-05,865.0,870.9500122070312,779.2910766601562,,807.4697569236628,799.8220019115624,37.01528105737666,21.572110124998755
2016-10-06,874.0,884.4500122070312,791.3704223632812,,806.8384104703144,799.017089573631,44.11893740423752,21.231373182727847
2016-10-07,889.7000122070312,877.25,784.9280395507812,,805.9791802381759,797.6752752857404,41.43482872826275,21.331477522802963
2016-10-10,879.7000122070312,876.1500244140625,783.9437866210938,,805.1150471551531,796.3675144605361,41.02418996947682,21.42443155287271
2016-10-13,869.5,862.0499877929688,771.32763671875,,803.790050667451,793.9827641994136,36.08729859778106,22.802275925165755
2016-10-14,854.75,842.25,753.611572265625,,801.8222672007128,790.137888777148,30.531063821998767,24.72075227864243
2016-10-17,844.0,849.25,759.8748779296875,,800.1772715430255,787.255697267866,34.37784717273689,26.50219460687077
2016-10-18,850.2999877929688,855.5999755859375,765.5565185546875,,798.8195949552476,785.1891088189919,37.74553937237275,27.478105607459888
2016-10-19,855.0,846.0,756.966796875,,797.1783087560223,782.5012695862308,34.83491174698988,28.612385979227884
2016-10-20,848.5499877929688,840.2999877929688,751.86669921875,,795.4013828918155,779.5836914559945,33.198029634895924,29.906412310652634
2016-10-21,840.0,851.2000122070312,761.61962890625,,794.0766082257148,777.8728283560189,39.092128243895615,30.773931247477915
2016-10-24,851.7999877929688,848.3499755859375,759.0694580078125,,792.7037788054049,776.0820311799993,38.14441285048847,31.248553018734693
2016-10-25,847.0999755859375,832.3499755859375,744.75341796875,,790.8233724980852,773.0983537313089,33.268458799362286,32.39588349196852
2016-10-26,831.0999755859375,842.8499755859375,754.1483764648438,,789.3851373595267,771.2935939916455,38.7975543108555,33.58762180544189
2016-10-27,850.0,840.2999877929688,751.86669921875,,787.9138260598884,769.443413537084,37.97462884177825,35.0195509046975
2016-10-28,841.0,836.5,748.4666748046875,,786.3668789518414,767.4456288959034,36.7245841279269,36.34919935400629
2016-11-01,835.0,835.25,753.6549072265625,,785.0840565312423,766.1322268321566,39.97178752285146,37.67208566864775
2016-11-02,835.0,841.0999755859375,758.9332885742188,,784.0585362192021,765.4466136647338,43.16728801139467,38.112302557609674
2016-11-03,838.1500244140625,839.4000244140625,757.3995361328125,,783.0130852354222,764.6802253283604,42.45998981647934,38.514226590670134
2016-11-04,849.0,848.0,765.159423828125,,782.3129416508224,764.725863280719,47.17589220801688,36.78782867472468
2016-11-07,850.0,837.6500244140625,755.8204345703125,,781.2740198045278,763.8777272130612,42.64586392754334,35.72986147919676
2016-11-08,838.4500122070312,844.5999755859375,762.0914916992188,,780.521763800398,763.7076095450761,46.369908685337315,34.74746336906369
2016-11-09,820.0,828.2999877929688,747.3837890625,,779.222235379304,762.152959975307,39.83675504554417,35.64835576744031
2016-11-10,840.0,818.5499877929688,738.58642578125,,777.6286742185961,759.9085281473016,36.52212516968792,35.87174533932687
2016-11-11,815.0,801.75,723.4275512695312,,775.5031399852994,756.4341493970377,31.637294268697513,36.650809437302506
2016-11-15,804.0,805.4500122070312,726.76611328125,,773.591884036121,753.6086221479151,33.73926617859889,37.8209125930547
2016-11-16,809.0,808.75,729.7435302734375,,771.8723407513099,751.3357562551076,35.63986097845646,38.57333377565554
2016-11-17,808.75,811.6500244140625,732.3604125976562,,770.3228533727353,749.5285806686837,37.34102350162965,39.041459246358954
2016-11-18,813.0,802.8499755859375,724.4201049804688,,768.5227455926464,747.1372972698061,34.37226543241839,39.7319550668772
2016-11-21,802.8499755859375,797.75,719.8182983398438,,766.6127672690071,744.535487847905,32.747315387252485,40.47069610616729
2016-11-22,806.2999877929688,819.9000244140625,739.8045043945312,,765.5614628425571,744.0849179952027,44.925191018872695,39.63722273972873
2016-11-23,820.3499755859375,831.7000122070312,750.4517211914062,,764.9689239542768,744.6912802043648,50.108195031440005,37.9881795024225
2016-11-24,828.7999877929688,825.2999877929688,744.6767578125,,764.1731527330306,744.6898971194254,47.49726650823582,36.42001216723177
2016-11-25,830.0,833.5999755859375,752.1660766601562,,763.7022870046826,745.4019142185426,51.058812031804365,34.69578450217626
2016-11-28,830.4500122070312,837.8499755859375,756.0009155273438,,763.4002724369439,746.411342914619,52.823515123616275,32.79136697040518
2016-11-29,837.0,832.7000122070312,751.35400390625,,762.9278697494657,746.8820725328695,50.4496435628746,31.022979262332033
2016-11-30,835.25,844.0,761.5501098632812,,762.8738399500074,748.2790284690992,55.206296860887136,28.95557741797807
2016-12-01,844.0,848.0999755859375,765.2496337890625,,762.9670083358528,749.89527659481,56.82577629101815,27.422632988752103
2016-12-02,845.0,831.4500122070312,750.22607421875,,762.4673638606723,749.9267811304233,49.06751782536919,25.87511126172269
2016-12-05,832.9000244140625,844.9000244140625,762.3622436523438,,762.4632414995614,751.1111108944157,54.474634923666635,24.20930112003052
2016-12-06,845.4000244140625,836.0,754.3316040039062,,762.1443537546337,751.4178245238909,50.64333278171203,22.66247741703065
2016-12-07,839.8499755859375,833.7000122070312,752.25634765625,,761.756588809599,751.4976838698299,49.67111781329153,21.318633257008116
2016-12-08,836.0,843.0,760.6478881835938,,761.7131103536772,752.3691318997121,53.55390724469095,19.821030884245083
2016-12-09,839.9000244140625,845.0499877929688,762.4976196289062,,761.743875423294,753.3337497786829,54.389213590991716,18.411882365714344
2016-12-12,845.0,832.5999755859375,751.2636108398438,,761.3328846553156,753.1365936892697,48.6649026317339,17.653085875857172
2016-12-13,834.0,831.1500244140625,749.9554443359375,,760.8867105251439,752.8336270841904,48.030967641978314,17.410007220068522
2016-12-14,831.0,821.7999877929688,741.518798828125,,760.1271845762412,751.7560243931366,44.04598317545665,17.661325427862888
2016-12-15,818.0,816.0499877929688,736.3303833007812,,759.193976683086,750.2869157176742,41.75178977375402,18.268182385204703
2016-12-16,817.5,816.9500122070312,737.1427001953125,,758.329220742389,749.0350856679255,42.25887895853366,18.43842779616009
2016-12-19,817.0,809.75,730.6458740234375,,757.2435993024301,747.2837321779742,39.31121056334051,19.015155665718137
2016-12-20,808.75,801.4000244140625,723.1117553710938,,755.9050956188483,744.9816391487475,36.1611508357942,20.17769717482255
2016-12-21,802.0,796.7999877929688,718.9609375,,754.4563051043837,742.503477086962,34.51996188701679,21.41069002690256
2016-12-22,796.0,787.0499877929688,710.1636352539062,777.2922048950195,752.7193376592669,739.4234921504805,31.279704559241654,23.20161638821131
2016-12-23,786.5,789.5,712.3743286132812,777.1795883178711,751.1371804417773,736.8473813374139,32.982112379884754,24.956205931081918
2016-12-26,788.0,801.7999877929688,723.47265625,777.1501196289063,750.0522971401391,735.5735979957556,40.89791743765473,25.851905012538204
2016-12-27,801.9000244140625,806.75,727.9390258789062,777.0319161987304,749.1851100318555,734.846495889389,43.77602931815541,26.22495270239813
2016-12-28,808.0,810.2999877929688,731.1423950195312,776.9312780761719,748.4775525803918,734.4937243779739,45.81414046404288,25.160490129345373
2016-12-29,811.25,818.5,738.541259765625,776.868298034668,748.0878940386363,734.8792039387026,50.29583182584593,24.09657762237604
2016-12-30,819.4500122070312,826.3499755859375,745.6243286132812,776.9402951049805,747.9912836297988,735.9025491458053,54.201110119458065,22.37816082579401
2017-01-02,828.0,825.3499755859375,744.7219848632812,776.948486328125,747.8630758350334,736.7424954046126,53.62308566368006,20.782488086110696
2017-01-03,826.4500122070312,829.8499755859375,748.7823486328125,776.9862716674804,747.8991257486718,737.8891480930125,55.90203261788711,19.7554942144815
2017-01-04,829.8499755859375,821.5999755859375,741.3383178710938,776.9246655273438,747.6418391652373,738.2176404528298,50.95809015157033,19.218557224361803
2017-01-05,824.9000244140625,833.1500244140625,751.7601318359375,776.8906106567383,747.8033408385982,739.5074015369353,56.728042089252575,18.719972876393513
2017-01-06,832.9000244140625,833.75,752.301513671875,776.9316107177734,747.9797397732365,740.7258884069295,57.010990531168105,20.640919716179447
2017-01-09,838.0,831.0499877929688,749.8652954101562,776.9456051635742,748.0536831315471,741.5963081215225,55.25990213793286,22.071632056087704
2017-01-10,833.7999877929688,830.5499877929688,749.4140014648438,776.9330065917969,748.1070289485392,742.340850344696,54.923363752957385,23.400150657431084
2017-01-11,832.0999755859375,841.5,759.29443359375,776.9755630493164,748.5457506993318,743.9554773207964,60.58323541903021,25.041108611902196
2017-01-12,843.7000122070312,825.9000244140625,745.2183837890625,776.8092370605468,748.4152657224586,744.0757541272978,50.79762294912299,25.95665816200193
2017-01-13,830.0,827.9500122070312,747.0679931640625,776.694196472168,748.3624315044823,744.3607292736564,51.89711125491948,26.806811315665964
2017-01-16,828.0,827.5,746.6620483398438,776.5618606567383,748.2957498117514,744.5799025180552,51.624444871205085,27.28067406664082
2017-01-17,826.75,840.6500244140625,758.5272827148438,776.5328790283203,748.6969863961864,745.9082244415589,58.48945042882844,28.34699366165278
2017-01-18,840.7000122070312,864.9500122070312,780.4534912109375,776.6245913696289,749.9423395261767,749.1982498481664,67.63093921983985,30.293152556910936
2017-01-19,865.4000244140625,860.2999877929688,776.2577514648438,776.6931121826171,750.9743164649481,751.7753452402309,64.694923753518,32.34239916937363
2017-01-20,855.2000122070312,860.4500122070312,776.3931274414062,776.7275738525391,751.9711325816719,754.1198959260571,64.74809945167381,33.8022394456646
2017-01-23,854.5999755859375,862.4000244140625,778.1527099609375,776.7783554077148,752.997861106349,756.4087353579505,65.47596360664434,34.83375296813483
2017-01-24,856.0,860.3499755859375,776.3027954101562,776.8004177856445,753.9117800986552,758.3034077438748,63.9802769318231,34.80766180111652
2017-01-25,857.0,869.2000122070312,784.2883911132812,776.8787802124024,755.1030197462876,760.7781680647706,67.43814340612913,35.129957379262486
2017-01-27,869.0,855.9500122070312,772.332763671875,776.883204650879,755.7786959786636,761.8786057416378,58.399077120177964,35.67733673781871
2017-01-30,856.9500122070312,853.5499877929688,770.1671752929688,776.9285733032226,756.3429500694207,762.667993317955,56.911076912488475,35.90385297083244
2017-01-31,856.0,855.4000244140625,771.8365478515625,777.024768371582,756.9505421393087,763.5411889878224,57.80363016972455,36.114189472916614
2017-02-01,857.0,854.0499877929688,770.6182861328125,777.0533660888672,757.4865320998383,764.2151982397262,56.877690976442416,36.54199514456274
2017-02-02,857.5,845.2999877929688,762.7230224609375,777.0062026977539,757.6918846630188,764.073086260794,51.1582479258813,36.09072060686737
2017-02-03,845.0,849.75,766.7383422851562,776.8676065063477,758.0466477070241,764.3269201678761,53.70776608497291,35.32312845120118
2017-02-06,850.0499877929688,860.5499877929688,776.4832763671875,776.7713192749023,758.7696527525208,765.4846683773344,59.26521804164365,35.183540687054084
2017-02-07,863.0,855.25,771.7011108398438,776.6292172241211,759.2767687559452,766.076710516621,55.72945803067875,35.12775372896069
2017-02-08,859.9000244140625,852.9500122070312,769.6258544921875,776.476960144043,759.6826152554057,766.4147242285798,54.21778964271808,34.645822917882775
2017-02-09,856.0,850.75,767.6406860351562,776.4026126098632,759.9946964624547,766.5314824958728,52.74393538388611,33.75421779317775
2017-02-10,848.25,850.9000244140625,767.7760009765625,776.3291625976562,760.2998456590864,766.6500080654623,52.83804577885808,33.094295772976004
2017-02-13,854.9500122070312,862.2999877929688,778.0625,776.3000650024414,760.9964203391222,767.7369120592278,59.44931389274567,32.92597203448515
2017-02-14,863.0,848.1500244140625,765.294677734375,776.1785879516601,761.1649794526616,767.5043183140039,50.06757289891659,31.888792694603108
2017-02-15,848.5499877929688,850.0499877929688,767.0090942382812,776.1362609863281,761.3941604246467,767.457154116316,51.18162149644375,30.745123697678025
2017-02-16,852.0,846.0999755859375,763.4450073242188,776.1130621337891,761.4745857932573,767.0750448980211,48.74670882562235,29.683145343390446
2017-02-17,847.0,841.25,759.0686645507812,776.0854592895507,761.3802359406112,766.3125324839983,45.86157450394771,27.93521465625805
2017-02-20,850.7000122070312,854.4500122070312,770.9793090820312,776.1747143554687,761.7566701814512,766.7569873980967,53.86474830927165,27.205904449312527
2017-02-21,853.5,862.75,778.4684448242188,776.2907946777344,762.4120338929323,767.8723642958226,58.06270685023137,27.16606896920526
2017-02-22,866.0,864.1500244140625,779.7317504882812,776.4275726318359,763.0912384652989,769.0018296474854,58.744648115483386,27.294470742457204
2017-02-23,870.9000244140625,858.25,774.407958984375,776.5233505249023,763.5350314268314,769.5166991081416,54.70736113594703,27.62052486456279
2017-02-27,859.0499877929688,866.4500122070312,781.8070678710938,776.6910806274414,764.2515818756261,770.6872104188989,58.93180896525661,27.65549758982773
2017-02-28,865.5,865.9000244140625,781.3107299804688,776.7813256835938,764.920568075816,771.6989741866674,58.5373894701475,27.68797226328803
2017-03-01,868.4000244140625,875.5,789.9728393554688,776.9144390869141,765.9030100867828,773.4393422979819,63.17014634800374,28.592666862753212
2017-03-02,878.0,877.5,791.7775268554688,777.0988348388672,766.9176970188881,775.1858360653615,64.07087208772015,29.56058804491028
2017-03-03,878.0,877.1500244140625,791.4617919921875,777.3754608154297,767.8802105472529,776.7359271060117,63.77699761485991,30.090486553390196
2017-03-06,877.0,873.0999755859375,787.8072509765625,777.569873046875,768.6616631131081,777.790338903207,60.32783287974195,29.906155490046217
2017-03-07,874.0999755859375,872.0499877929688,786.8599853515625,777.8135336303711,769.3753228087338,778.6541147554315,59.43064391528486,29.734990931226807
2017-03-08,870.0,871.2999877929688,786.1831665039062,778.0916436767578,770.0344539340348,779.3711673029053,58.75825516423494,28.86652554599262
2017-03-09,868.9000244140625,870.2999877929688,785.2808227539062,778.4112619018555,770.6323507505003,779.9339916315721,57.81903991949967,27.911780768226496
2017-03-10,871.0,875.2000122070312,789.7022705078125,778.7649343872071,771.3801907409832,780.8643039054997,61.10015372169792,27.594549645530957
2017-03-14,881.2000122070312,913.75,824.486328125,779.2606677246093,773.4627843638858,785.018782402595,76.55265813712468,29.469521015981258
2017-03-15,910.0,900.5,812.53076171875,779.6811361694336,774.9948619072138,787.6389709088955,66.73950512001045,31.291740965864843
2017-03-16,908.0,906.2000122070312,817.6738891601562,780.0520956420899,776.6685492504665,790.4994393137774,68.6040131059574,32.51732411227275
2017-03-17,907.5499877929688,902.5499877929688,814.3804321289062,780.3612316894531,778.1474466182485,792.7738195818849,66.05059646638118,33.65536560536581
2017-03-20,900.5499877929688,898.4500122070312,810.6808471679688,780.6038589477539,779.4232662476494,794.4792507805596,63.20477444436794,34.91036714634258
2017-03-21,898.7999877929688,903.4500122070312,815.192626953125,780.8993563842773,780.8259862753151,796.4519532731849,65.1753681789577,35.048866585860765
2017-03-22,894.0499877929688,904.9500122070312,816.5460205078125,781.2288342285157,782.2267719314915,798.365673962197,65.76761626131183,35.23081227521691
2017-03-23,905.0,902.0,813.8841552734375,781.5142495727539,783.4682379449013,799.8436245632676,63.48092760484493,35.46195004063556
2017-03-24,901.0,900.2000122070312,812.2600708007812,781.7337982177735,784.5973294294456,801.0261432525547,62.06306103979604,35.508584088622406
2017-03-27,899.8499755859375,898.7999877929688,810.9968872070312,781.8733557128907,785.6326062050372,801.9757379148858,60.923289038638764,36.075541451186844
2017-03-28,900.0,903.0999755859376,814.876708984375,782.0566494750976,786.7794337650113,803.2044018262658,63.161090443708545,36.60200185928239
2017-03-29,904.2000122070312,912.5499877929688,823.4035034179688,782.2042559814453,788.2156717906174,805.1281257873804,67.55819907089504,37.653038983531246
2017-03-30,911.0999755859376,919.2000122070312,829.4039306640625,782.3812005615234,789.8308976287917,807.4401072042073,70.24934941188855,39.04189444214362
2017-03-31,919.2000122070312,911.75,822.6817016601562,782.6163516235351,791.1191644535511,808.8916876285833,63.858380327523165,39.72171182724522
2017-04-03,914.0,920.6500244140624,830.7122192382812,782.8996206665039,792.6718332686386,810.9698334961737,67.64522671363879,40.56091875016206
2017-04-05,918.1500244140624,935.3499755859376,843.9761352539062,783.2512002563476,794.6837666798256,814.113290806434,72.72799246339339,41.90519203525725
2017-04-06,930.8499755859376,934.6500244140624,843.3445434570312,783.6372338867187,796.5920324357944,816.8972196303004,72.14678906922283,43.153445799988496
2017-04-07,925.7000122070312,924.5,834.1860961914062,783.9378723144531,798.0663094458184,818.5437793027867,64.14217699423612,44.312538581524656
2017-04-10,922.7999877929688,925.9500122070312,835.4945068359375,784.2238131713867,799.5340818924898,820.1581343059439,64.74399242100633,44.5376549672521
2017-04-11,922.9500122070312,923.7000122070312,833.46435546875,784.4911953735351,800.8646808562647,821.4253934643065,62.97780830679157,44.74669161114188
2017-04-12,920.2000122070312,923.75,833.5093994140625,784.7674319458008,802.1448658977471,822.576251173807,63.001924475769634,44.94079706618238
2017-04-13,921.8499755859376,923.8499755859376,833.5995483398438,785.0846069335937,803.3783828562607,823.6260889991438,63.05379550192616,45.34295319091416
2017-04-17,923.0,914.0499877929688,824.7570190429688,785.364280090332,804.2167607459355,823.7337966223652,54.920267214259425,44.594546094160364
2017-04-18,915.0,912.75,823.5840454101562,785.5929028320312,804.9762621053167,823.7195346021548,53.92654102014451,43.72527739467224
2017-04-19,914.5999755859376,908.5499877929688,819.7943115234375,785.8484332275391,805.5573620824979,823.3457038327532,50.73260364754854,42.10751828229801
2017-04-20,912.0,915.7000122070312,826.245849609375,786.1373397827149,806.368675318846,823.6219081924314,55.55823722961827,40.60531339223622
2017-04-21,919.5,906.4000244140624,817.8543090820312,786.2549960327149,806.819092329167,823.07261303906,48.855240596445945,39.832270996834346
2017-04-24,909.9000244140624,904.5499877929688,816.1849365234375,786.3819766235351,807.1863803367854,822.416643847096,47.62427703709739,38.32304302497764
2017-04-25,907.0,924.0,833.7349243164062,786.5307180786133,808.2274997085353,823.4945753203637,59.248956907026,38.3213482474874
2017-04-26,924.0,941.3499755859376,849.3900756835938,786.7619860839844,809.8417183742239,825.9608134501951,66.41067719361821,39.26559457027581
2017-04-27,941.0999755859376,947.2999877929688,854.7587890625,787.0404537963867,811.6031721267053,828.7034777942242,68.45790774417311,40.38998116416883
2017-04-28,944.0,934.9500122070312,843.615234375,787.2759533691407,812.8585471168345,830.1236450876315,60.24952919744451,40.886817779453814
2017-05-02,930.2000122070312,928.0999755859376,837.4344482421875,787.3548361206055,813.8223079452798,830.8199120547321,56.222813388156034,40.32990470703269
2017-05-03,933.0,934.0,842.7581176757812,787.4495993041992,814.9570455817701,831.9568840186415,58.77830918707851,39.64561422107499
2017-05-04,934.25,956.7000122070312,863.2405395507812,787.6078527832032,816.850515933496,834.9362797836072,66.80676191173008,40.18581230247384
2017-05-05,953.5,953.9000244140624,860.7141723632812,787.7718170166015,818.5706593228994,837.3913171721476,65.12201854570574,40.68742480662992
2017-05-08,955.0,954.8499755859376,861.5712890625,787.9304483032226,820.256958528374,839.6941716378955,65.44044536420147,40.7598404010459
2017-05-09,957.0,952.0499877929688,859.0447998046875,788.0518411254883,821.7780503431314,841.5370886061614,63.59730178141481,40.82708345300359
2017-05-10,954.0999755859376,996.3499755859376,899.0170288085938,788.33484375,824.8070298907967,847.0113686254408,75.40169556145139,42.362537651990024
2017-05-11,994.4000244140624,978.75,883.1363525390625,788.6259069824218,827.0944543083757,850.4518432838809,66.21495390707746,43.788316551048865
2017-05-12,978.2999877929688,980.2000122070312,884.44482421875,789.0434091186523,829.343488422508,853.6892700395827,66.576293061766,44.48664787896896
2017-05-15,981.2999877929688,983.25,887.1968994140625,789.422105102539,831.6122496378632,856.8804728371522,67.36684467394032,45.16359113206101
2017-05-16,983.0,1000.4000244140624,902.6715087890624,789.8640817260742,834.3988872516358,861.2415238801913,71.45518408007354,46.21752677793494
2017-05-17,1004.0,1009.4000244140624,910.7923583984376,790.3773077392578,837.3947096495497,865.9606509771671,73.34261828755453,47.449211865603566
2017-05-18,1008.0,990.25,893.5130004882812,790.7873611450195,839.5954269373432,868.5846842639398,63.69228677059059,47.71651773610346
2017-05-19,1000.0,1008.0,909.5289916992188,791.2965072631836,842.337919673103,872.4841421149188,67.90733467606913,48.3854018214112
2017-05-22,1011.3499755859376,1018.5999755859376,919.093505859375,791.8483312988282,845.3479426608,876.9231291382004,70.13695771602812,49.156670954609815
2017-05-23,1018.7999877929688,1024.800048828125,924.68798828125,792.403298034668,848.4593169988568,881.4721633423004,71.3890590547132,49.97627892949633
2017-05-24,1026.550048828125,1038.050048828125,936.6434936523438,792.9592114257813,851.9175200048759,886.7265757527807,73.90687634568287,50.9466806283056
2017-05-25,1037.9000244140625,1043.449951171875,941.515869140625,793.5285269165039,855.4311807552975,891.9446036944802,74.87720212382999,52.084833350194685
2017-05-26,1042.050048828125,1040.949951171875,939.26025390625,794.0758264160156,858.7185953886683,896.4508560956011,73.51427656020013,53.14168944909169
2017-05-29,1041.0,1072.25,967.5026245117188,794.8251818847656,862.9846357464351,903.2176911828504,78.7338229949624,54.69305917346857
2017-05-30,1071.0999755859375,1072.5999755859375,967.8182373046876,795.5571011352539,867.0957573761705,909.370124146835,78.7841405683978,56.13361677467567
2017-05-31,1065.800048828125,1067.0,962.7653198242188,796.2304263305664,870.8475049231528,914.4553808780144,75.69614739325418,57.47127740436798
2017-06-01,1067.0,1095.3499755859375,988.3461303710938,797.0137606811523,875.4552941564054,921.4925951154505,79.97532072100626,59.07294141459382
2017-06-02,1100.050048828125,1086.4000244140625,980.2703247070312,797.7354650878906,879.5656875113319,927.0904741241725,75.45833993265806,59.07946930294268
2017-06-05,1092.0,1097.75,990.5113525390624,798.54998046875,883.9164979045763,933.1305577827334,77.21573591433535,59.085530913552326
2017-06-06,1097.949951171875,1091.550048828125,984.9169921875,799.288655090332,887.8773016019459,938.0625991546159,74.09438521950527,58.99141935459274
2017-06-07,1105.199951171875,1106.3499755859375,998.2711791992188,800.0970083618164,892.2064732724273,943.7967496350543,76.53301435671435,59.221514248927726
2017-06-08,1106.699951171875,1093.5,986.6765747070312,800.8867581176758,895.9111831326079,947.8805424990521,70.34163411390999,59.13214249901891
2017-06-09,1091.0,1095.3499755859375,988.3461303710938,801.7430154418945,899.5360830243133,951.7344080106751,70.70908662557247,59.04915444553215
2017-06-12,1096.0,1099.6500244140625,992.2257080078124,802.64685546875,903.1709702785681,955.5907222961167,71.58992181788142,58.21448394161197
2017-06-13,1096.0,1102.75,995.0228271484376,803.5479043579102,906.7730038813081,959.3461608534806,72.23814043154908,57.60110664098628
2017-06-14,1105.0,1113.699951171875,1004.9032592773438,804.4115637207032,910.6212491909565,963.6849321319437,74.45531213189469,57.38553469209902
2017-06-15,1117.5,1104.0,996.1510620117188,805.2688186645507,913.975359497653,966.776944501446,69.1844110756318,57.24784760658616
2017-06-16,1104.0,1091.800048828125,985.1427612304688,806.0813214111328,916.7662379969792,968.5260699042101,63.1307513417701,55.7259562149593
2017-06-19,1094.4000244140625,1095.6500244140625,988.6163940429688,806.9496670532227,919.5838911752533,970.4394341079014,64.19537756891864,54.31277135130578
2017-06-20,1098.8499755859375,1093.050048828125,986.2705688476562,807.8344677734375,922.1990550055435,971.9471612259733,62.874972738193904,53.00052826362751
2017-06-21,1094.25,1123.449951171875,1013.700927734375,808.8532891845703,925.7873637400075,975.9237104172497,70.51262646963194,52.92729826426194
2017-06-22,1117.0,1094.050048828125,996.0386962890624,809.69611328125,928.5423179576176,977.8394233574223,61.709375201487724,52.66431724639042
2017-06-23,1093.9000244140625,1097.9000244140625,999.5437622070312,810.5911346435547,931.3266883203397,979.9065032478613,62.70447855924737,50.843292039355
2017-06-27,1096.5,1092.0999755859375,994.2635498046876,811.4206091308594,933.7948005354123,981.2738410151782,60.167719746192326,49.68461174609775
2017-06-28,1095.0,1090.0,992.3518676757812,812.2631179809571,936.0911561095444,982.3288911733308,59.23339847010667,48.37564795602346
2017-06-29,1094.6500244140625,1088.0999755859375,990.621826171875,813.0204739379883,938.2296137590477,983.1186945065256,58.35031568040983,47.1601815795259
2017-06-30,1085.0,1079.5999755859375,982.88330078125,813.7608358764649,939.9807387403105,983.0962760564993,54.44060948778382,44.42255328304402
2017-07-03,1093.0,1097.75,999.4071044921876,814.5008276367188,942.3111844560705,984.6496882884696,60.52308801408832,42.2921474871831
2017-07-04,1104.4000244140625,1088.0999755859375,990.621826171875,815.2935275268554,944.2057194253177,985.2184633249844,56.2251193427439,40.91588198029208
2017-07-05,1087.0,1096.699951171875,998.4514770507812,816.1768237304688,946.3330040380811,986.4787503464888,59.01832810155068,39.498907418976664
2017-07-06,1096.699951171875,1092.5,994.6275024414062,817.0857388305664,948.2269059362507,987.2548219745762,57.10192673104038,38.183145326326645
2017-07-07,1091.0,1097.699951171875,999.36181640625,817.9934948730469,950.2321965429172,988.4078690633071,58.882080198138894,37.62991050376565
2017-07-10,1102.5,1096.25,998.0419311523438,818.9049417114257,952.107088096228,989.3253987860725,58.15749550020944,37.11619245424473
2017-07-11,1102.0,1106.449951171875,1007.3278198242188,819.86169921875,954.2726069875218,991.0399150754197,61.72596690487916,37.02148024245549
2017-07-12,1110.0,1131.6500244140625,1030.2703857421875,820.9736575317382,957.2529120367244,994.7761503770166,68.80471829884932,37.890325387015544
2017-07-13,1134.699951171875,1134.699951171875,1033.0469970703125,822.0540905761719,960.2252290968651,998.4209929192352,69.53898624721029,38.744543069492636
2017-07-14,1135.0,1139.300048828125,1037.235107421875,823.1684375,963.2452243252968,1002.11757525282,70.66075242058587,38.994389682829755
2017-07-17,1140.0,1152.949951171875,1049.6622314453125,824.3431317138671,966.6341265652975,1006.645637747343,73.74982040179862,39.621727363098664
2017-07-18,1153.25,1157.8499755859375,1054.123291015625,825.6204345703125,970.0650741908006,1011.1673190109889,74.77650223578148,40.63012074202237
2017-07-19,1190.0,1154.3499755859375,1050.9368896484375,826.8607791137696,973.2365179342373,1014.9548971669363,72.5925516810874,42.1733174031897
2017-07-20,1155.449951171875,1152.9000244140625,1049.61669921875,828.139931640625,976.231819161081,1018.256021171871,71.6587223743269,43.606285731416506
2017-07-21,1158.9000244140625,1158.6500244140625,1054.851806640625,829.4848532104493,979.3149559249847,1021.7413340736571,73.13457455194332,45.00671643003435
2017-07-24,1162.0,1159.3499755859375,1055.4886474609375,830.8797103881836,982.3021595146299,1024.9553639200649,73.31660935540708,46.30944178367631
2017-07-25,1155.550048828125,1149.5999755859375,1046.612060546875,832.2261575317383,984.8241164178552,1027.0179064559516,66.54805566915391,46.409125467697535
2017-07-26,1154.0,1164.550048828125,1060.2230224609375,833.6780157470703,987.780936262682,1030.1802984564263,70.97313562199598,46.69865217943372
2017-07-27,1163.800048828125,1171.9000244140625,1066.91455078125,835.1161331176758,990.8842152634102,1033.6787986778381,72.87300044585034,47.654337787728515
2017-07-28,1168.5999755859375,1153.8499755859375,1050.4813232421875,836.4116876220703,993.2213567527741,1035.2790391125382,62.119860846737986,46.89046140737729
2017-07-31,1159.949951171875,1155.75,1052.21142578125,837.7481045532227,995.5346927931065,1036.8916473667011,62.74317661536921,46.181147625622565
2017-08-01,1154.0,1173.949951171875,1068.78076171875,839.1722894287109,998.4070876529357,1039.92870587642,68.14874153447853,45.99252803310916
2017-08-02,1174.0,1168.75,1064.046630859375,840.6358843994141,1000.9811873865217,1042.225651112892,65.23638211588677,45.817381268632424
2017-08-03,1165.5,1169.9000244140625,1065.09375,842.1932952880859,1003.4954055282268,1044.4035652926163,65.58669334461771,45.8059067418571
2017-08-04,1162.0,1192.0999755859375,1085.3050537109375,843.8204461669922,1006.7036270255879,1048.2989451419803,71.54667619622681,46.2913934217333
2017-08-07,1173.0,1186.300048828125,1080.0245361328125,845.3927862548828,1009.5789567944987,1051.3204299982501,68.22228798261352,46.742202481618335
2017-08-08,1181.699951171875,1191.0,1084.303466796875,847.0294696044922,1012.5093297357683,1054.4616715981192,69.46058937822829,47.57953200643294
2017-08-09,1189.5,1185.3499755859375,1079.15966796875,848.6659344482422,1015.1230684900029,1056.8138617286554,66.12477881865476,47.932676597241006
2017-08-10,1174.8499755859375,1170.699951171875,1065.82177734375,850.1869451904297,1017.1112531509342,1057.6717584539024,58.30560160837751,47.37818982399856
2017-08-11,1160.050048828125,1152.800048828125,1049.525634765625,851.6392260742188,1018.3824053711181,1056.895937150257,50.45530592823749,45.232018006081276
2017-08-14,1154.5,1155.699951171875,1052.1658935546875,853.1762884521485,1019.7072480449837,1056.4454568078218,51.59250042361984,43.23914417515808
2017-08-16,1151.0,1186.3499755859375,1080.070068359375,854.8058969116211,1022.0744174690774,1058.6954198127316,61.619218088482185,42.25818552320815
2017-08-17,1185.0,1177.300048828125,1071.8306884765625,856.4057168579102,1024.0256437830965,1059.9463977807154,57.81145382928755,41.347295346397495
2017-08-18,1170.0,1202.199951171875,1094.5,858.1358834838867,1026.7893440268967,1063.237217039695,64.34059996611434,41.25410882687023
2017-08-21,1202.300048828125,1191.449951171875,1084.7132568359375,859.7911752319336,1029.0608700194082,1065.2825541631466,60.02187143640084,41.221900060859355
2017-08-22,1206.300048828125,1199.5999755859375,1092.1329345703125,861.4571734619141,1031.534284315522,1067.8397332495433,62.09895295715376,41.19199192099211
2017-08-23,1195.0999755859375,1188.1500244140625,1081.708984375,863.078720703125,1033.5019196119722,1069.1606143091108,57.57327173465562,40.74311038727243
2017-08-24,1188.0,1179.699951171875,1074.015625,864.6230017089844,1035.090692372287,1069.6229962796717,54.42092502315672,39.706395147756325
2017-08-28,1181.3499755859375,1199.699951171875,1092.22412109375,866.3050201416015,1037.3312189888152,1071.775484357203,60.00285969913066,39.30120877160703
2017-08-29,1195.1500244140625,1190.449951171875,1083.8026123046875,867.9135757446289,1039.1536265698298,1072.9209251141062,56.55319487889315,38.92496427946839
2017-08-30,1197.5,1204.300048828125,1096.4119873046875,869.6587167358398,1041.3990524810008,1075.158169132257,60.2391414992608,39.01599715106964
2017-08-31,1201.8499755859375,1219.75,1110.477783203125,871.5181735229493,1044.108022313241,1078.521941900911,63.91664842552973,39.5590108449536
2017-09-01,1216.25,1216.1500244140625,1107.200439453125,873.4370379638672,1046.5822347500991,1081.2532273820743,62.466908409594964,40.063237846417266
2017-09-04,1214.8499755859375,1197.1500244140625,1089.90234375,875.252719116211,1048.281062554017,1082.0769527504483,55.333090157004314,39.356487915404564
2017-09-05,1196.4000244140625,1205.199951171875,1097.231201171875,877.0901574707032,1050.2006758331486,1083.52021450487,57.54527165228552,38.580233271117145
2017-09-06,1202.0,1206.4000244140625,1098.3240966796875,878.9199758911133,1052.0878688075227,1084.9301080453288,57.88027368256725,37.88378807674689
2017-09-07,1209.0,1208.75,1100.463134765625,880.8001910400391,1053.9849380607816,1086.4094439234523,58.56935055473856,37.69990870410904
2017-09-08,1210.25,1207.550048828125,1099.370849609375,882.6979537963867,1055.764777729354,1087.6438635125878,58.04711674635288,37.3761236696435
2017-09-11,1206.0,1219.9000244140625,1110.6142578125,884.5520025634765,1057.9157377326146,1089.8315201125795,61.820820439936064,37.681761771732646
2017-09-12,1224.0,1249.800048828125,1137.8358154296875,886.488923034668,1061.0498584266174,1094.403357761828,69.0740132952473,38.746129703251725
2017-09-13,1250.0,1250.949951171875,1138.8828125,888.4599533081055,1064.1021311353775,1098.6394963083205,69.31547000972306,39.84925548848418
2017-09-14,1262.0999755859375,1247.8499755859375,1136.0604248046875,890.3794250488281,1066.9240250047621,1102.2033942603555,67.77919828785363,39.539921521003784
2017-09-15,1242.0999755859375,1246.0,1134.3763427734375,892.2713021850586,1069.569213936867,1105.2674845949348,66.82744588395624,39.25268283691484
2017-09-18,1250.0,1280.050048828125,1165.3758544921875,894.3414114379883,1073.3263370958994,1110.992091251816,74.05065579783313,39.96832372882998
2017-09-19,1287.5999755859375,1279.300048828125,1164.6929931640625,896.3571258544922,1076.9093432162197,1116.106462862506,73.67011169019752,40.6793541246201
2017-09-20,1280.0,1259.3499755859375,1146.530517578125,898.2635302734375,1079.6395853480592,1119.0039918830412,64.2174074515427,39.906056224913414
2017-09-21,1261.0,1256.699951171875,1144.11767578125,900.23298828125,1082.1681379140666,1121.395771301918,63.05981438549559,38.70047704518776
2017-09-22,1252.199951171875,1239.199951171875,1128.1854248046875,902.0621041870118,1083.9727373999733,1122.0424049688486,55.894939461169436,36.70432991218816
2017-09-25,1239.9000244140625,1247.1500244140625,1135.42333984375,903.967562866211,1085.990408084043,1123.3167797188391,58.21752193409251,35.16685454411958
2017-09-26,1261.0999755859375,1217.3499755859375,1108.2928466796875,905.7477453613282,1086.8650135191663,1121.8859289532056,48.011492445781215,33.41204555461497
2017-09-27,1217.0,1205.9000244140625,1097.868896484375,907.433850402832,1087.2965383413311,1119.5985925276027,44.76439623096445,32.289870741707055
2017-09-28,1205.800048828125,1202.800048828125,1095.046142578125,909.0965930175781,1087.6004443898328,1117.2602639609859,43.89857985716502,31.247851272578277
2017-09-29,1209.800048828125,1173.9000244140625,1068.7352294921875,910.6839511108399,1086.8606320409056,1112.6388321068146,36.76131672487436,31.10605972926251
2017-10-03,1176.5,1186.3499755859375,1080.070068359375,912.3345242309571,1086.5943354259437,1109.5370450832488,41.196850961392975,30.97439615332644
2017-10-04,1191.0999755859375,1197.5,1090.2210693359375,914.0780355834961,1086.7365602851592,1107.6974283454097,44.92260925583227,30.09734621399031
2017-10-05,1204.3499755859375,1187.6500244140625,1081.2537841796875,915.8026525878906,1086.5215494574936,1105.1789860439123,42.36875233583718,29.282942698892477
2017-10-06,1193.0,1207.300048828125,1099.143310546875,917.6126556396484,1087.0165204806067,1104.6041598060992,48.641611311557156,28.09835283925446
2017-10-09,1217.5,1220.25,1110.93310546875,919.514091796875,1087.9544257742596,1105.2069165358755,52.32454925811582,26.333392005273517
2017-10-10,1224.0999755859375,1209.199951171875,1100.872802734375,921.4028970336914,1088.4610287923033,1104.7941437928755,49.08963833425402,24.58206341323064
2017-10-11,1215.0,1218.050048828125,1108.9300537109375,923.3527426147461,1089.2637356518576,1105.188039975548,51.666919678769766,23.03995991212977
2017-10-12,1220.050048828125,1241.0,1129.8240966796875,925.451044921875,1090.8543380451058,1107.534331090228,57.653676696096746,22.379172478222507
2017-10-13,1238.0,1248.5999755859375,1136.743408203125,927.5728903198242,1092.6539094238517,1110.316147958123,59.445168568705284,22.099296593260288
2017-10-16,1250.0,1281.300048828125,1166.5140380859375,929.7880972290039,1095.550385057659,1115.6683279702959,66.09195477504502,23.01051521228673
2017-10-17,1285.0,1282.1500244140625,1167.2877197265625,931.9848406982422,1098.3636138682043,1120.5844605185118,66.24678055036148,23.889993304645706
2017-10-18,1277.0,1263.949951171875,1150.7181396484375,934.0827194213867,1100.4167325262526,1123.4543347213619,59.93496025083864,24.042160134988364
2017-10-19,1265.0,1257.699951171875,1145.028076171875,936.115153503418,1102.1661969829438,1125.508976764268,57.89500229612958,23.81730829267482
2017-10-23,1266.0,1249.949951171875,1137.972412109375,938.0768939208984,1103.5703622820197,1126.695970606659,55.37799935243534,22.788013126979354
2017-10-24,1254.9000244140625,1270.050048828125,1156.271728515625,940.1346426391601,1105.6370825264748,1129.5127094551322,60.20971485313756,21.83223904454785
2017-10-25,1281.0,1272.449951171875,1158.456787109375,942.183014831543,1107.70844349051,1132.2692882793458,60.75614776888616,21.360143495705728
2017-10-26,1285.0,1273.699951171875,1159.5946044921875,944.2742962646485,1109.7431949023405,1134.8716993472353,61.05605977454509,20.274808157069067
2017-10-27,1273.699951171875,1260.1500244140625,1147.2587890625,946.2517895507813,1111.2143946733272,1136.0514221772605,56.054423653223076,18.87347532294516
2017-10-30,1260.0,1234.199951171875,1123.63330078125,948.1084484863281,1111.7014105991282,1134.868743949069,47.95243552205932,18.24436795638442
2017-10-31,1241.0,1237.449951171875,1126.59228515625,949.9920834350586,1112.2853664641132,1134.0805097783243,48.947711423592736,17.660196830292303
2017-11-01,1238.699951171875,1258.0,1152.75341796875,952.0087805175781,1113.8723488760597,1135.8588819869365,56.81116187589529,16.401925989725708
2017-11-02,1261.0,1241.5,1137.634033203125,953.900478515625,1114.8041796339837,1136.027944007526,51.8413860342615,15.233531637771014
2017-11-03,1245.0,1239.5,1135.8013916015625,955.8533935546875,1115.6275997111436,1136.0063675879105,51.2560884991988,14.477353363100288
2017-11-06,1239.0,1240.5999755859375,1136.8094482421875,957.8021008300781,1116.458260437851,1136.0828514597465,51.57991894684291,13.504582406349796
2017-11-07,1235.0999755859375,1234.199951171875,1130.94482421875,959.7235147094726,1117.0263609782785,1135.5935155320326,49.518780484040306,13.092343408130384
2017-11-08,1240.3499755859375,1235.300048828125,1131.9530029296875,961.5906433105469,1117.6117194861768,1135.246800046095,49.889493077175416,12.70955005264093
2017-11-09,1249.5,1252.9000244140625,1148.0804443359375,963.4287780761719,1118.8065714410693,1136.4690518832228,55.51697890445364,13.272770109754644
2017-11-10,1254.6500244140625,1290.6500244140625,1182.672119140625,965.4608499145507,1121.311102723405,1140.8693440029756,64.67930348961991,14.301881623138721
2017-11-13,1295.0,1279.5,1172.454833984375,967.4411584472656,1123.3167392434432,1143.877485905966,60.70222109503946,15.788871506117811
2017-11-14,1286.0999755859375,1283.9000244140625,1176.48681640625,969.4328289794922,1125.4018403086513,1146.9831364298027,61.70298577459648,17.169647826026967
2017-11-15,1283.9000244140625,1265.0,1159.1680908203125,971.347155456543,1126.7260069953832,1148.1436082765179,55.200372089533964,17.143599480959146
2017-11-16,1270.0,1276.5,1169.7059326171875,973.2742431640625,1128.4114942746696,1150.1971629756292,58.094222659978335,16.44852732620459
2017-11-17,1282.0,1278.1500244140625,1171.2178955078125,975.2686688232421,1130.0901766759694,1152.1991375025036,58.50835249144398,16.250904348608422
2017-11-20,1280.0,1274.5,1167.8734130859375,977.257200012207,1131.5718722214583,1153.691925653307,57.16265490086783,15.78440265133403
2017-11-21,1275.0,1277.3499755859375,1170.48486328125,979.2504415893554,1133.097871870862,1155.2912530464446,57.97543001374529,15.527215488173647
2017-11-22,1275.0,1270.449951171875,1164.1619873046875,981.2181600952149,1134.31607247611,1156.136084880563,55.24243845930022,14.80821463476434
2017-11-23,1275.0,1267.5,1161.4591064453125,983.2118405151367,1135.3805051807847,1156.6430393153012,54.06905486411463,14.045716683284647
2017-11-24,1269.4000244140625,1265.949951171875,1160.0384521484375,985.1783410644531,1136.3474834932417,1156.966411966076,53.42670483125532,13.25949104469787
2017-11-27,1261.0,1260.300048828125,1154.8614501953125,987.0702319335937,1137.073521403127,1156.7659394164796,51.04676592855528,12.666489947788268
2017-11-28,1263.0,1267.8499755859375,1161.7796630859375,989.0206246948242,1138.0423897044136,1157.243436908809,53.99596201500102,11.782473801605462
2017-11-29,1267.8499755859375,1276.1500244140625,1169.3851318359375,991.019421081543,1139.2715168468264,1158.3997888066308,57.058728641647164,11.443272234580409
2017-11-30,1273.0,1272.449951171875,1165.9945068359375,993.0111901855469,1140.3194772385561,1159.1230952856124,55.2914130894245,10.770134051951944
2017-12-01,1272.449951171875,1250.5,1145.88134765625,994.9017169189453,1140.5375898039558,1157.8619764637683,46.158156162668526,10.619630483006674
2017-12-04,1256.6500244140625,1268.5999755859375,1162.4666748046875,996.8237377929687,1141.3975539216317,1158.3005191629036,53.045802553731335,10.70548601214877
2017-12-05,1274.0,1261.0,1155.5025634765625,998.7747772216796,1141.950691551237,1158.034047192776,50.14508378028468,10.785209003495
2017-12-06,1258.25,1275.5999755859375,1168.8809814453125,1000.7841366577148,1143.0067813510047,1159.0670885501604,55.211961070039536,10.252611391711074
2017-12-07,1277.199951171875,1291.949951171875,1183.8631591796875,1002.8862274169921,1144.6089922462472,1161.4286190863058,60.10226153198084,10.317421523997812
2017-12-08,1296.4000244140625,1326.6500244140625,1215.6605224609375,1005.169186706543,1147.3953267644704,1166.5935622648421,68.0705607627785,11.816886537464098
2017-12-11,1329.0,1324.050048828125,1213.27783203125,1007.3806793212891,1149.9789544219911,1171.0396831949763,66.990882764754,13.209246907111364
2017-12-12,1319.0999755859375,1314.6500244140625,1204.664306640625,1009.5116586303711,1152.1234780384082,1174.242028285038,63.09481421043371,14.277447655112608
2017-12-13,1319.4000244140625,1315.050048828125,1205.0306396484375,1011.6381530761719,1154.1982686897818,1177.1742769863142,63.19285860651153,15.785333000830652
2017-12-14,1314.0,1321.5999755859375,1211.03271484375,1013.8212768554688,1156.4270704997414,1180.3988901155938,64.84095465376511,17.030936342249966
2017-12-15,1328.300048828125,1324.550048828125,1213.7359619140625,1015.9809213256835,1158.6744780061854,1183.5738493344957,65.58830709773447,18.507701200272578
2017-12-18,1320.0,1331.75,1220.333740234375,1018.1760363769531,1161.0924882896438,1187.0747913249602,67.40918278487781,20.24145953738888
2017-12-19,1333.0999755859375,1349.699951171875,1236.781982421875,1020.4100820922852,1164.0607037458099,1191.8088095246665,71.46320324821919,22.08784806895699
2017-12-20,1346.199951171875,1362.6500244140625,1248.648681640625,1022.6944378662109,1167.377879349528,1197.2221306785673,73.97812458357038,24.281073418336348
2017-12-21,1365.0,1348.449951171875,1235.63623046875,1024.9153100585938,1170.0546774326347,1200.8806163728705,67.00481338706315,26.317639814188606
2017-12-22,1341.300048828125,1356.5,1243.0128173828125,1027.191337890625,1172.9157809600927,1204.8932069452458,68.80024140258045,27.84629230329503
2017-12-26,1350.4000244140625,1348.0999755859375,1235.3155517578125,1029.4336157226562,1175.3628307952974,1207.7905731178712,64.83566259159092,29.13821087277564
2017-12-27,1350.800048828125,1352.449951171875,1239.3017578125,1031.6992086791993,1177.8702396979327,1210.7916383268835,65.93057615718138,30.692550140553585
2017-12-28,1358.0,1354.5,1241.180419921875,1033.978706665039,1180.3529918635775,1213.685808002597,66.4606130906298,32.681186003510554
2017-12-29,1359.0,1367.8499755859375,1253.4134521484375,1036.2972625732423,1183.21810795318,1217.4693931593438,69.75972609079014,34.52777644768488
2018-01-01,1367.0,1344.5,1232.01708984375,1038.334916381836,1185.1317935175161,1218.8548880816682,58.85497498049934,35.25590212369442
2018-01-02,1345.0,1338.5999755859375,1226.6104736328125,1040.4053149414062,1186.7584084239984,1219.5935152770153,56.45353140176719,34.920702456675755
2018-01-03,1344.699951171875,1350.3499755859375,1237.37744140625,1042.5038327026368,1188.7434685409494,1221.2872225274186,59.9575203364222,34.90835119789363
2018-01-04,1350.0999755859375,1352.25,1239.1187744140625,1044.6275244140625,1190.7189707320517,1222.9854655642418,60.51094640511737,34.89688217188166
2018-01-05,1351.0,1356.550048828125,1243.0589599609375,1046.7894149780273,1192.771519329263,1224.8972269353555,61.79756326615375,35.18256903157153
2018-01-08,1348.5999755859375,1368.4000244140625,1253.91748046875,1048.9830392456054,1195.1694001582623,1227.6610606052027,65.16590191934385,35.77510455113671
2018-01-09,1374.0,1361.300048828125,1247.4114990234375,1051.1373666381835,1197.218109917681,1229.5420547402725,61.65804949910263,36.51445612502015
2018-01-10,1361.3499755859375,1365.800048828125,1251.5350341796875,1053.325621032715,1199.348185378936,1231.636624210693,63.01688219691093,37.09462380681058
2018-01-11,1357.0,1378.6500244140625,1263.309814453125,1055.5808697509765,1201.856484558316,1234.653118519496,66.65132745091032,38.123799477730074
2018-01-12,1380.800048828125,1374.0,1259.048828125,1057.8211294555665,1204.099321560931,1236.976519434306,64.19286607578046,39.13243856272907
2018-01-15,1375.5999755859375,1367.199951171875,1252.8177490234375,1060.0108346557618,1206.0098481280882,1238.4852079666043,60.66869450867338,40.06903199879957
2018-01-16,1369.300048828125,1382.0,1266.3797607421875,1062.2257159423827,1208.3772956815824,1241.1418320404694,65.15287206352053,41.42022296301218
2018-01-17,1389.0,1371.199951171875,1256.4830322265625,1064.3611114501953,1210.2637951539346,1242.6028987248592,59.795348779692134,42.72218291040152
2018-01-18,1400.0,1356.949951171875,1243.42529296875,1066.4648294067383,1211.5642460486333,1242.681221986182,53.5397632397542,44.379567039278925
2018-01-19,1370.4000244140625,1362.449951171875,1248.4649658203125,1068.5535931396485,1213.0113330985032,1243.2320547322895,55.47580908210422,45.85028349037072
2018-01-22,1363.0,1355.0999755859375,1241.7301025390625,1070.5423629760742,1214.137559351074,1243.0890116662679,52.33707320105482,46.75600316115206
2018-01-23,1360.699951171875,1368.3499755859375,1253.8717041015625,1072.594998779297,1215.6957611059952,1244.1159347553435,57.05445593157985,47.831144747665384
2018-01-24,1368.0,1365.9000244140625,1251.626708984375,1074.6822018432617,1217.1048178855397,1244.83124658668,55.951753793401,47.11895864695756
2018-01-25,1368.9000244140625,1372.75,1257.903564453125,1076.7942471313477,1218.7047687313275,1246.076229240627,58.37413944126134,46.72365568454382
2018-01-29,1370.0,1397.300048828125,1280.399658203125,1079.0289236450196,1221.124176161594,1249.3451272370555,65.66254366681513,47.15507646188634
2018-01-30,1397.300048828125,1400.25,1283.1029052734375,1081.2768911743165,1223.554714558137,1252.5601537167108,66.42334277428543,47.844677655731175
2018-01-31,1400.0,1369.3499755859375,1254.7879638671875,1083.3828332519531,1224.7795478643743,1252.7723261119943,53.14169676793168,46.21869177661932
2018-02-01,1373.0,1371.25,1256.5291748046875,1085.5416940307616,1226.0246312737984,1253.1301212255842,53.75408237789993,43.956771646799446
2018-02-02,1352.0,1372.199951171875,1257.399658203125,1087.7107720947265,1227.2550244867132,1253.536743794874,54.07719994384268,41.85641724053813
2018-02-05,1352.0999755859375,1355.75,1242.3258056640625,1089.8234295654297,1227.8460355132759,1252.4690354014633,47.843339107608514,39.227230659626265
2018-02-06,1300.0,1325.3499755859375,1214.468994140625,1091.7645452880859,1227.321445655525,1248.849983852812,38.91531618168467,38.01483815811364
2018-02-07,1322.0,1312.6500244140625,1202.8314208984375,1093.689430847168,1226.3610525277961,1244.4672635714433,35.90120963170237,36.88904512099477
2018-02-08,1325.699951171875,1329.550048828125,1218.3177490234375,1095.700094909668,1226.0456288609587,1241.9768336144903,42.30513035255917,35.39734990017511
2018-02-09,1319.0,1333.050048828125,1221.5247802734375,1097.6390441894532,1225.8683406810558,1240.0290190105804,43.562614213960856,33.8668050988466
2018-02-12,1340.0,1344.449951171875,1231.9710693359375,1099.551949157715,1226.1076633734042,1239.261595232043,47.57109273150626,31.86804898409406
2018-02-14,1349.800048828125,1349.4000244140625,1236.50732421875,1101.4606918334962,1226.5154932104765,1238.9992837069676,49.25653125481175,29.82423677583506
2018-02-15,1353.0,1358.1500244140625,1244.5250244140625,1103.4652407836913,1227.2217493361072,1239.525544726691,52.182476771047426,28.077723533485976
2018-02-16,1364.0,1352.0999755859375,1238.9810791015625,1105.4729739379882,1227.6828995229878,1239.4736908576313,50.034121174407886,26.455961237018975
2018-02-19,1359.0,1335.9000244140625,1224.1363525390625,1107.3798651123047,1227.5438192491085,1238.0129919701485,44.7244848669346,25.250616530152232
2018-02-20,1332.1500244140625,1331.800048828125,1220.37939453125,1109.165559387207,1227.2628614170358,1236.3336017378724,43.46726950194809,24.1798446617081
2018-02-21,1339.0,1330.5999755859375,1219.280029296875,1110.958388671875,1226.9498091770295,1234.7094519815869,43.0856005562265,23.43957661892471
2018-02-22,1330.0999755859375,1326.449951171875,1215.4769287109375,1112.7279168701173,1226.4998922960062,1232.877783098668,41.72083530344552,23.23860267623711
2018-02-23,1326.5,1323.1500244140625,1212.4530029296875,1114.4949578857422,1225.9490338894839,1230.9325659397175,40.61910781567145,23.051984015170056
2018-02-26,1316.25,1333.300048828125,1221.754150390625,1116.1086434936524,1225.7845286542345,1230.0584311255182,45.39549728203361,22.361094701694718
2018-02-27,1340.0,1346.3499755859375,1233.712158203125,1117.8615225219726,1226.0954160875244,1230.4064051329092,50.86730226402443,20.76607307155152
2018-02-28,1338.4000244140625,1317.75,1207.5047607421875,1119.4768222045898,1225.3663707798642,1228.2252961433167,41.13775762337858,20.51418891952049
2018-03-01,1320.0,1324.25,1213.4609375,1121.1081423950195,1224.899491043399,1226.819166748715,43.77014117412311,20.28029649263453
2018-03-05,1320.0,1299.75,1191.0107421875,1122.5498385620117,1223.5705205000304,1223.4088406000278,37.045291094804384,20.955065131611263
2018-03-06,1300.0,1293.199951171875,1185.0086669921875,1123.9209201049805,1222.0582909507032,1219.751681208805,35.475993815657,21.75636633503208
2018-03-07,1293.050048828125,1293.8499755859375,1185.6043701171875,1125.381376953125,1220.6287254278202,1216.4995563429368,35.76682750477139,22.500431738208555
2018-03-08,1300.0,1293.1500244140625,1184.963134765625,1126.7585476684571,1219.2300748136165,1213.4960876212879,35.58091322829231,23.47084739956401
2018-03-09,1295.0,1300.75,1191.9268798828125,1128.1227145385742,1218.1593612869183,1211.4418773604807,39.27261807724406,24.371947656536936
2018-03-12,1305.0,1324.199951171875,1213.4151611328125,1129.566350402832,1217.9733142220514,1211.6298091483218,48.987405775357054,23.315109528908206
2018-03-13,1324.9000244140625,1320.550048828125,1210.0706787109375,1130.933486328125,1217.6634069471056,1211.4813205352377,47.70816185580025,22.110005808662127
2018-03-14,1317.4000244140625,1316.9000244140625,1206.72607421875,1132.2595373535157,1217.2344919381505,1211.0284399336674,46.403142809057165,21.137582496387925
2018-03-15,1313.9000244140625,1299.949951171875,1191.1939697265625,1133.5192059326173,1216.2132949886766,1209.139442771086,40.818997409055434,21.119475878727762
2018-03-16,1303.0,1299.1500244140625,1190.4609375,1134.6339974975585,1215.2033986165716,1207.360537507173,40.570855036217104,21.67843752158581
2018-03-19,1308.0,1309.4000244140625,1199.853515625,1135.7941738891602,1214.6014424208236,1206.645583042204,45.170255756034585,21.655034306517884
2018-03-20,1306.0,1313.25,1203.381591796875,1136.9972552490235,1214.1614482787081,1206.3347267331249,46.83469481417211,21.46792255711069
2018-03-21,1313.25,1315.5999755859375,1205.53466796875,1138.0831979370116,1213.8231431685135,1206.258530660327,47.87463159978207,21.101173697455383
2018-03-22,1312.5,1311.8499755859375,1202.0985107421875,1139.1923388671876,1213.3633536615987,1205.862338287171,46.317511316303985,20.76062118491831
2018-03-23,1290.0,1301.6500244140625,1192.7515869140625,1140.2035400390625,1212.5550490832638,1204.613695299256,42.28832322547398,21.661209278941893
2018-03-26,1303.0,1324.300048828125,1213.5069580078125,1141.346489868164,1212.592378845011,1205.460672700071,52.22648390598146,21.341685903154847
2018-03-27,1339.0,1332.800048828125,1221.295654296875,1142.4616122436523,1212.933683764692,1206.968766185481,55.33483598344675,20.40350253635282
2018-03-28,1326.050048828125,1333.3499755859375,1221.7998046875,1143.6372283935548,1213.2813747812727,1208.381246042816,55.5364991926465,19.53233226717951
2018-04-02,1315.0,1351.300048828125,1238.248046875,1144.8867379760743,1214.2604599614187,1211.2257032649288,61.624271990580446,18.763745265566893
2018-04-03,1347.0999755859375,1348.4000244140625,1235.5906982421875,1146.103562927246,1215.0969398939978,1213.5461789770486,60.19044721853229,18.050057335498035
2018-04-04,1348.0,1357.449951171875,1243.8834228515625,1147.3478659057616,1216.2258215786082,1216.4354402984309,63.077586590446884,17.63025096655451
2018-04-05,1380.0,1382.199951171875,1266.56298828125,1148.6561645507813,1218.1998281159667,1221.2094924872708,69.57614296585429,18.33910716609262
2018-04-06,1381.949951171875,1374.800048828125,1259.781982421875,1149.974319152832,1219.8305008338455,1224.883062957233,65.84457884460318,18.979316256040786
2018-04-09,1367.949951171875,1391.5999755859375,1275.1763916015625,1151.4244873046875,1222.0009279227754,1229.6729037805026,69.8040150423511,20.142853464585702
2018-04-10,1398.800048828125,1391.5,1275.084716796875,1152.856828918457,1224.0826451335245,1233.9978383534904,69.75215856551213,21.452957065110656
2018-04-11,1393.0,1409.1500244140625,1291.25830078125,1154.381767578125,1226.7169845706903,1239.4512157275628,73.49341397052036,23.23577569854644
2018-04-12,1408.0,1412.75,1294.5572509765625,1155.7860491943359,1229.3773871748424,1244.699409560801,74.1945284611147,24.89125014387967
2018-04-13,1412.0,1410.550048828125,1292.5411376953125,1157.2685614013672,1231.8543969991747,1249.2557646212308,72.92502011546993,26.428476414546243
2018-04-16,1408.9000244140625,1419.5,1300.742431640625,1158.7745547485351,1234.5558885537414,1254.1592567183159,74.81297933976504,28.1558657188914
2018-04-17,1420.5,1445.550048828125,1324.6131591796875,1160.4263027954103,1238.087546225347,1260.8691521908274,79.33068995727949,30.457302904162
2018-04-18,1450.5,1450.5,1329.148681640625,1162.1102868652345,1241.6585711435932,1267.3719645193796,80.06243546683075,32.7138009615009
2018-04-19,1451.4000244140625,1454.199951171875,1332.539306640625,1163.8198742675781,1245.2225215552417,1273.5783780547363,80.61494310638535,35.043222434602335
2018-04-20,1442.0,1467.800048828125,1345.001708984375,1165.6304663085937,1249.1354308661882,1280.3806000480354,82.53112928646398,36.5737564225789
2018-04-23,1471.0,1452.75,1331.2103271484375,1167.289482421875,1252.3540542498058,1285.22152643855,73.83325123153115,37.99496655427142
2018-04-24,1464.0,1459.6500244140625,1337.533203125,1169.0240393066406,1255.6944130292252,1290.2035908848784,75.12746818838158,38.912167214967745
2018-04-25,1459.0,1459.199951171875,1337.1209716796875,1170.717386779785,1258.8876114076747,1294.6719128653363,74.86747519421696,39.76385354275719
2018-04-26,1463.0,1491.25,1366.4896240234375,1172.5766973876953,1263.1072981769205,1301.5116948803934,80.14049014316522,41.45699794973467
2018-04-27,1491.25,1473.949951171875,1350.63671875,1174.333071899414,1266.539824473904,1306.1902685822606,71.42874017074914,43.02920347049947
2018-04-30,1475.0,1508.9000244140625,1382.6630859375,1176.2561776733398,1271.0936778646333,1313.4733940446642,76.89349992535288,44.798155220410244
2018-05-02,1512.0,1471.949951171875,1348.8040771484375,1177.963558959961,1274.141144503214,1316.8382210069283,63.14300904752276,45.5666113687242
2018-05-03,1465.5999755859375,1452.199951171875,1330.7066650390625,1179.4657403564454,1276.3594002105021,1318.1590252004648,57.25007534320603,44.56237172890962
2018-05-04,1455.0,1464.199951171875,1341.7025146484375,1181.009017944336,1278.9218752864995,1320.401262290748,59.71042037608836,43.70125123510856
2018-05-07,1472.4000244140625,1497.9000244140625,1372.5833740234375,1182.6857592773438,1282.5948752369675,1325.3709872176707,65.68362434706499,43.82726097348638
2018-05-08,1494.0,1496.050048828125,1370.887939453125,1184.2918878173828,1286.0573483434835,1329.7059350496188,65.11285884872754,44.01568632218955
2018-05-09,1496.9000244140625,1496.0,1370.84228515625,1185.875482788086,1289.382247826337,1333.6236826788218,65.09645509459737,44.35082426473172
2018-05-10,1494.0,1486.5,1362.1368408203125,1187.4314825439453,1292.2353691202184,1336.3392215494398,61.89444898695889,44.20001935970239
2018-05-11,1489.0,1504.0999755859375,1378.2645263671875,1189.0747216796874,1295.6090615612761,1340.3321077225585,65.29980498384033,44.059986233603716
2018-05-14,1515.0,1503.550048828125,1377.760498046875,1190.6892651367189,1298.8306865214956,1343.8967163248744,65.10398841131332,44.38079204564127
2018-05-15,1530.0,1515.5,1388.7108154296875,1192.3553759765625,1302.3553974590718,1348.1647257634281,67.39180286442104,45.1968152098172
2018-05-16,1509.0,1574.0999755859375,1442.4083251953125,1194.3343572998047,1307.847669135003,1357.1403066617029,75.7780295703471,46.65752705814184
2018-05-17,1574.0999755859375,1569.800048828125,1438.4678955078125,1196.225581665039,1312.9700309535447,1364.8857913137135,74.26857849081829,48.20391607460383
2018-05-18,1563.300048828125,1605.800048828125,1471.456298828125,1198.2482904052733,1319.1851787133323,1375.0353634579433,78.1861004506727,49.83795190274541
2018-05-21,1613.0,1578.6500244140625,1446.5775146484375,1200.2287713623048,1324.1809565931405,1381.8489016665617,69.58214746096935,51.43546342429238
2018-05-22,1565.75,1574.300048828125,1442.591552734375,1202.1806719970702,1328.8245093829928,1387.6339160539724,68.28560626445407,51.90348647095778
2018-05-23,1567.0,1568.0999755859375,1436.91015625,1204.0213189697265,1333.0631622013068,1392.326891310737,66.38681611430222,52.338079300004225
2018-05-24,1570.0999755859375,1561.0999755859375,1430.495849609375,1205.8535650634765,1336.8840519035841,1395.9620301963216,64.21577120952271,51.99751702495267
2018-05-25,1566.0,1575.75,1443.920166015625,1207.7476971435547,1341.0815465746446,1400.529471702922,66.67228733501429,52.10361463526739
2018-05-28,1585.0,1582.8499755859375,1450.4261474609375,1209.5733026123046,1345.3695701388128,1405.281536060828,67.82507885376397,52.202133844845356
2018-05-29,1575.550048828125,1572.699951171875,1441.12548828125,1211.3788073730468,1349.1247041836143,1408.6952457961063,64.39590796378907,51.46204373307255
2018-05-30,1569.5,1585.800048828125,1453.129638671875,1213.222938232422,1353.203329065507,1412.9270927366558,66.73369912956906,50.34321438038993
2018-05-31,1595.0,1611.449951171875,1476.63330078125,1215.2103063964844,1358.0437201131833,1418.9943506456648,70.7793177583013,49.92473573641771
2018-06-01,1613.0,1588.8499755859375,1455.92431640625,1217.1608190917968,1361.8821748697742,1422.511490241911,63.45670760502882,49.69977948021119
2018-06-04,1590.0,1563.199951171875,1432.4200439453125,1219.0752911376953,1364.648365813913,1423.4551620231873,56.333159713115556,48.10696032082392
2018-06-05,1564.0,1562.800048828125,1432.053466796875,1220.9747290039063,1367.2917031073625,1424.2740481921098,56.22714452196098,46.05340686660191
2018-06-06,1561.0999755859375,1571.1500244140625,1439.7052001953125,1222.772904663086,1370.1314480912038,1425.7436817162243,58.003760320515894,44.35342076985864
2018-06-07,1575.0,1603.050048828125,1468.93603515625,1224.7584313964844,1374.0061377800291,1429.8572391867028,64.0127727474468,43.61626017750582
2018-06-08,1599.9000244140625,1595.5999755859375,1462.1094970703125,1226.596478881836,1377.4611714776872,1432.9288827946657,61.789210347455445,42.93175391317821
2018-06-11,1596.0,1601.4000244140625,1467.42431640625,1228.5100341796874,1380.989137945474,1436.2141621862452,62.87057840849263,42.724156469774464
2018-06-12,1604.800048828125,1638.449951171875,1501.3746337890625,1230.5562426757813,1385.7101377824777,1442.4199213865136,68.92110425758399,43.166029357170615
2018-06-13,1644.0,1621.199951171875,1485.5677490234375,1232.5755364990234,1389.6261225370254,1446.5292383043159,63.715100897439335,43.57633989546704
2018-06-14,1617.800048828125,1609.5999755859375,1474.9383544921875,1234.5801501464844,1392.9717002607574,1449.2348684174465,60.410553718845385,42.732950707433304
2018-06-15,1590.0,1621.300048828125,1485.659423828125,1236.5473266601562,1396.6065129496737,1452.703873694654,62.521908930715,41.514135325562854
2018-06-18,1629.949951171875,1608.550048828125,1473.9761962890625,1238.4981945800782,1399.6406181786692,1454.7298091798357,58.83927457488179,40.68601782190667
2018-06-19,1603.5999755859375,1601.0,1467.0577392578125,1240.3514233398437,1402.2844268484396,1455.9038977586906,56.709123516297325,39.19673391511426
2018-06-20,1597.0,1602.4000244140625,1468.340576171875,1242.1407373046875,1404.8748640768094,1457.0883433218512,57.0198355327196,38.00168492335712
2018-06-21,1594.0,1593.449951171875,1471.15625,1243.960516357422,1407.474134113013,1458.4281439578654,57.7368357045369,36.42197227130343
2018-06-22,1592.0,1608.0999755859375,1484.6822509765625,1245.9344158935546,1410.5019034017796,1460.9285351025032,61.09447629329947,34.59859929219251
2018-06-25,1616.0,1615.1500244140625,1491.1912841796875,1247.9042163085937,1413.6661928440506,1463.8107016812828,62.63295914140375,33.59374614507045
2018-06-26,1615.0,1621.75,1497.2843017578125,1249.8990173339844,1416.9453343700807,1466.9986635933333,64.06545752419393,32.724956358697355
2018-06-27,1629.0,1609.300048828125,1485.7901611328125,1251.8256524658202,1419.645131498031,1468.7883300256647,59.43645823321969,32.754692157574006
2018-06-28,1610.0,1602.75,1479.74267578125,1253.7275115966797,1422.0018979405104,1469.8316010500062,57.09884060092355,32.645529154418405
2018-06-29,1605.449951171875,1641.1500244140625,1515.19580078125,1255.7504193115235,1425.6565607970101,1474.1520010244103,65.63246172824456,33.227118721927056
2018-07-02,1640.9000244140625,1643.449951171875,1517.3189697265625,1257.6478350830077,1429.2511650687572,1478.2631409008059,66.06776458210581,33.83706909200602
2018-07-03,1645.0,1643.5,1517.3653564453125,1259.5402478027345,1432.7066235541124,1481.987161428854,66.07787385539675,34.734276093285715
2018-07-04,1642.0,1676.0,1547.3712158203125,1261.5968017578125,1437.2032742312183,1488.2142142280406,71.90810310128496,36.027717300096285
2018-07-05,1679.0,1688.0,1558.449951171875,1263.7171697998047,1441.95804587595,1494.9033320322153,73.70508282169538,37.42088056136617
2018-07-06,1689.0,1678.300048828125,1549.4945068359375,1265.6377630615234,1446.175161992028,1500.1024915373316,69.81725931947037,38.815158174729255
2018-07-09,1682.0,1691.9000244140625,1562.05078125,1267.6245520019531,1450.7193039237131,1506.002328652824,72.04387099118955,40.10984452999498
2018-07-10,1693.25,1687.0,1557.5267333984375,1269.6795330810546,1454.9078305697808,1510.909414819073,70.03904313623872,41.37164185270391
2018-07-11,1685.0,1718.1500244140625,1586.2860107421875,1271.8903747558593,1460.059916066738,1518.088138240322,74.83348994405948,42.96415197733473
2018-07-12,1720.0,1742.3499755859375,1608.6287841796875,1274.2925915527344,1465.8861461888143,1526.7110569012139,77.80502755543169,44.86215137947351
2018-07-13,1742.0,1742.6500244140625,1608.90576171875,1276.6600036621094,1471.4947585625375,1534.5391240266936,77.83995935373572,46.633209450139475
2018-07-16,1749.800048828125,1751.25,1616.8458251953125,1279.2027685546875,1477.194800391274,1542.377857471324,78.86678342932603,48.62415130255654
2018-07-17,1767.0,1681.699951171875,1552.6334228515625,1281.4765911865234,1480.1531777426578,1543.3545779837277,56.190643690160044,46.97361749089214
2018-07-18,1693.0,1643.75,1517.59619140625,1283.589341430664,1481.6215312196614,1540.9013983096822,48.06913280928188,43.7303964468751
2018-07-19,1651.9000244140625,1647.449951171875,1521.011962890625,1285.8507250976563,1483.1662540302875,1539.00716636501,48.84538238527119,40.71883404885928
2018-07-20,1655.9000244140625,1655.8499755859375,1528.7672119140625,1288.0942108154297,1484.954526888475,1538.031932607777,50.64907577588203,38.13584315773626
2018-07-23,1668.949951171875,1689.6500244140625,1559.9735107421875,1290.442973022461,1487.8964478239145,1540.1216067158161,57.190198324172506,35.99067621791048
2018-07-24,1700.0,1667.9000244140625,1539.892822265625,1292.7361682128906,1489.9355213314327,1540.09981772056,52.37918305672034,34.17716904045814
2018-07-25,1671.0,1652.949951171875,1526.090087890625,1294.8709020996093,1491.3533474710089,1538.7655577367568,49.30867873547668,31.74280313854595
2018-07-26,1655.0,1669.949951171875,1541.785400390625,1297.0251635742188,1493.3310750364842,1539.05316179903,52.70388366734415,29.488350321358542
2018-07-27,1670.0,1659.0,1531.6756591796875,1299.1791778564452,1494.8347842185706,1538.3505425019498,50.363932624472326,27.48443093418865
2018-07-30,1666.25,1688.699951171875,1559.09619140625,1301.430008544922,1497.354839402401,1540.3263185880737,56.06196958691335,25.973455346327675
2018-07-31,1690.0,1731.6500244140625,1598.750244140625,1303.7746392822266,1501.3311297842922,1545.890501974031,62.725912918707635,25.76712762967784
2018-08-01,1732.949951171875,1734.300048828125,1601.1966552734375,1306.096905517578,1505.2474249015138,1551.1577546692124,63.0977647556252,25.701795552445855
2018-08-02,1742.25,1748.5,1614.306884765625,1308.3358697509766,1509.5242664648124,1557.1719575355373,65.1067199234936,26.014191191596137
2018-08-03,1754.0,1763.0,1627.6937255859375,1310.6378997802735,1514.1583629009351,1563.8883163974801,67.0776057745833,26.468321946172868
2018-08-06,1760.0,1730.300048828125,1597.5035400390625,1312.8718267822267,1517.4268012200773,1567.0897662681068,58.985897232324255,25.669367637620827
2018-08-07,1730.800048828125,1730.050048828125,1597.2728271484375,1315.1330505371093,1520.5580179231504,1569.9643434948048,58.92739523619346,24.927481493965363
2018-08-08,1728.0,1757.1500244140625,1622.2930908203125,1317.554653930664,1524.5476286249998,1574.9480337162818,63.19103765754647,24.782284994725575
2018-08-09,1761.5,1754.199951171875,1619.5694580078125,1319.871142578125,1528.2739748753063,1579.197693172618,62.43128511493617,24.697749762930794
2018-08-10,1750.0,1752.699951171875,1618.1845703125,1322.1697814941406,1531.7998805787256,1582.910729090702,62.0229471534254,24.619252761978498
2018-08-13,1739.0,1728.8499755859375,1596.1649169921875,1324.3526330566406,1534.3239996537634,1584.1730327003672,55.77628950094997,23.866775494804163
2018-08-14,1729.0,1744.25,1610.3829345703125,1326.6682537841798,1537.3067029838242,1586.6692138308383,58.670740386431376,23.257175406693385
2018-08-16,1741.0,1737.4000244140625,1604.058837890625,1329.0703814697265,1539.924433764483,1588.3253685031991,56.88725274478277,22.691118182019093
2018-08-17,1741.0999755859375,1784.75,1647.774658203125,1331.676293334961,1544.1538543307042,1593.9872056174777,64.84306247028748,23.257976359814766
2018-08-20,1790.0,1777.0,1640.619384765625,1334.1156231689454,1547.9368163085444,1598.428365536349,62.800323579830405,24.26098413917911
2018-08-21,1777.0,1752.5,1617.9998779296875,1336.5174523925782,1550.6843873525108,1600.2923190976194,56.71746485126151,24.142654697073247
2018-08-23,1764.949951171875,1772.800048828125,1636.741943359375,1339.022155151367,1554.059193470427,1603.7637118844532,60.16077199905635,24.205725357220835
2018-08-24,1773.25,1780.949951171875,1644.2664794921875,1341.5594403076173,1557.5967340987313,1607.621118323285,61.48552237456508,24.412726666745318
2018-08-27,1791.0,1792.300048828125,1654.7452392578125,1344.1784423828126,1561.4064793990876,1612.109129840859,63.3149975660802,24.84742674383139
2018-08-28,1789.0,1771.199951171875,1635.2646484375,1346.6950006103516,1564.3028781849077,1614.3144173262533,57.816648017778526,24.719629039449085
2018-08-29,1775.0,1755.8499755859375,1621.0928955078125,1349.060062866211,1566.5299376877667,1614.959986676878,54.13366819664351,23.846152645726846
2018-08-30,1755.0,1772.8499755859375,1636.7879638671875,1351.3306420898436,1569.2851544006853,1617.0388416473836,57.37230746499773,23.04896615253715
2018-08-31,1777.0,1780.0999755859375,1643.4814453125,1353.6857751464843,1572.1948128678152,1619.557184853585,58.71128553978908,22.665954650138534
2018-09-03,1791.5,1699.0999755859375,1568.697998046875,1355.6468310546875,1572.0576828748372,1614.7134527767557,42.60809696272206,22.27100168814138
2018-09-04,1697.0,1651.199951171875,1524.4744873046875,1357.4733630371093,1570.1916752054196,1606.1192655889397,36.272342826759804,23.378831959998134
2018-09-05,1643.0,1611.699951171875,1488.0059814453125,1359.06486328125,1566.9687068226704,1594.8703813847847,32.04114231681444,24.825384966755998
2018-09-06,1623.449951171875,1608.5999755859375,1485.1439208984375,1360.634493408203,1563.7598916883867,1584.420242290847,31.728332212508015,26.168612758745443
2018-09-07,1611.9000244140625,1638.75,1512.9798583984375,1362.3600256347656,1561.7685178338788,1577.6163962058556,38.06182004691634,27.096758896467026
2018-09-10,1632.699951171875,1610.300048828125,1486.71337890625,1363.9411682128907,1558.8251790524032,1568.9589659868457,34.782775195979774,27.958608881494207
2018-09-11,1613.0,1590.6500244140625,1468.5714111328125,1365.4632153320313,1555.285815604576,1559.3982464769379,32.688109066576985,29.234749659965797
2018-09-12,1599.949951171875,1626.8499755859375,1501.992919921875,1367.1658843994142,1553.1958981268233,1553.9310725193127,39.87191064497889,29.88207578452525
2018-09-14,1637.9000244140625,1629.300048828125,1504.2552490234375,1368.886968383789,1551.2766569855141,1549.2000417101817,40.33609301314678,29.99361487855931
2018-09-17,1620.0,1605.449951171875,1482.2353515625,1370.523837890625,1548.5691548120626,1542.8224521723073,37.31644904679778,30.448082117867596
2018-09-18,1622.0,1664.949951171875,1537.1693115234375,1372.4007861328125,1548.1221021340775,1542.2840578247958,47.8127569617464,29.258900385524463
2018-09-19,1671.0,1647.0999755859375,1520.689208984375,1374.1573065185546,1547.0463024027167,1540.2274055542796,45.358900384237884,27.918497026465328
2018-09-21,1651.0,1621.300048828125,1496.8692626953125,1375.8116802978516,1545.0785753553675,1536.0980586153305,42.003413637004996,27.39855158043311
2018-09-24,1622.050048828125,1590.449951171875,1468.386962890625,1377.4242083740235,1542.0710611410639,1529.6493828320254,38.35016519067114,27.72688197104111
2018-09-25,1600.0,1630.8499755859375,1505.6864013671875,1379.1403070068359,1540.6442117381666,1527.3671941210885,45.08597508047977,28.014577318423232
2018-09-26,1644.4000244140625,1610.75,1487.1287841796875,1380.7984381103515,1538.545567520187,1523.5349646028599,42.59255095674149,27.960591694044894
2018-09-27,1610.0,1620.0999755859375,1495.76123046875,1382.4328393554688,1536.867750380915,1520.889847066278,44.140123507061,27.91046218569358
2018-09-28,1620.0999755859375,1608.4000244140625,1484.959228515625,1383.9383197021484,1534.8321220724722,1517.4678833947873,42.59282445562236,27.934895215875436
2018-10-01,1606.5,1642.300048828125,1516.2574462890625,1385.441304321289,1534.1037034142992,1517.3526036704327,48.2529533788699,26.996304525352684
2018-10-03,1642.0,1618.8499755859375,1494.6070556640625,1386.8479504394531,1532.554815267231,1515.1863610031594,44.951287718775,26.12475602701013
2018-10-04,1600.0,1573.949951171875,1453.1533203125,1388.0903955078124,1529.4410311513593,1509.2784523659536,39.39333823593198,26.396547997561992
2018-10-05,1559.5,1558.550048828125,1438.9351806640625,1389.2599182128906,1525.8917821126417,1502.5790931562499,37.672800691431256,27.278345239657938
2018-10-08,1551.0,1559.3499755859375,1439.673583984375,1390.4031225585939,1522.5106763036902,1496.588092282738,37.82467872161578,28.097156964461316
2018-10-09,1563.0,1512.449951171875,1396.3729248046875,1391.3163073730468,1517.5640978135334,1487.0437906181617,32.780218134577005,29.568962182628127
2018-10-10,1512.5,1527.6500244140625,1410.406494140625,1392.2666711425782,1513.3618388459684,1479.745000477444,35.769975163241746,30.963477618971886
2018-10-11,1490.0,1526.0999755859375,1408.9754638671875,1393.1276385498047,1509.2682555134672,1473.0050446098005,35.5961123408323,32.45127834754595
2018-10-12,1555.5,1569.5999755859375,1449.136962890625,1394.1300799560547,1506.9101656066891,1470.731893969879,43.84544559957469,32.33353099145946
2018-10-15,1549.699951171875,1526.300048828125,1409.16015625,1394.9976995849609,1503.0768319064268,1464.867918948938,38.552020442594554,32.90315216470353
2018-10-16,1535.699951171875,1546.199951171875,1427.53271484375,1395.9202990722656,1500.114317511812,1461.3121852246345,42.01668772082749,33.432086111287305
2018-10-17,1558.0999755859375,1562.0,1442.1201171875,1396.954321899414,1497.8400351461528,1459.484369221098,44.68355376709746,33.176991828127235
2018-10-19,1551.199951171875,1578.4000244140625,1457.2615966796875,1398.04412109375,1496.2487238337424,1459.2726765981065,47.38847193910869,32.65701825657756
2018-10-22,1588.0,1584.9000244140625,1463.2628173828125,1399.1545330810548,1494.9551588748823,1459.6526900061738,48.4641086634637,32.01890284173212
2018-10-23,1575.550048828125,1552.050048828125,1432.9342041015625,1400.0521368408204,1492.522964570046,1457.1080723009727,43.611418567604765,31.846579307243882
2018-10-24,1562.0,1585.949951171875,1464.232177734375,1401.2132122802734,1491.4135219490393,1457.7865585327254,49.257914158140004,31.337886375027587
2018-10-25,1574.0,1571.550048828125,1459.2183837890625,1402.3762518310548,1490.1509675113932,1457.9229228428528,48.421424964886405,30.835517027674005
2018-10-26,1567.0999755859375,1558.25,1446.868896484375,1403.4237091064454,1488.4536313926867,1456.8701584277599,46.33427424617803,30.438736983032136
2018-10-29,1559.449951171875,1552.9000244140625,1441.9012451171875,1404.4376214599608,1486.628047617177,1455.4445476362769,45.484955164746445,30.740960376121006
2018-10-30,1553.9000244140625,1593.050048828125,1479.181396484375,1405.6182336425782,1486.3360220825573,1457.7051999075245,52.51892216840335,29.32748739948652
2018-10-31,1593.0,1621.699951171875,1505.7833251953125,1406.8775628662108,1487.0986614203125,1462.284068982552,56.802105593747676,27.376407288193786
2018-11-01,1624.5,1607.6500244140625,1492.7376708984375,1408.104193725586,1487.3197990469057,1465.1844120221604,54.2190404703593,25.54922589911586
2018-11-02,1610.699951171875,1638.449951171875,1521.336181640625,1409.4531994628906,1488.6537748348949,1470.5321996048713,58.65747810057766,24.306718821291884
2018-11-05,1635.0,1640.050048828125,1522.822021484375,1410.750760498047,1489.993706076051,1475.5121826410145,58.88053004007514,23.152962249026764
2018-11-06,1650.0,1631.949951171875,1515.3006591796875,1412.0320196533203,1490.9861356095269,1479.3015613589832,57.198239912503524,22.294157169387734
2018-11-07,1640.0,1643.8499755859375,1526.3499755859375,1413.3996807861329,1492.3729528635038,1483.7823627139312,59.049273832211156,21.49669530972292
2018-11-09,1650.0,1672.5999755859375,1553.0452880859375,1414.8330084228517,1494.7522601271287,1490.3788317969793,63.191082878533976,21.71263521617349
2018-11-12,1672.0,1654.300048828125,1536.0533447265625,1416.2308599853516,1496.371910503577,1494.7287854093206,59.09408972554529,21.964275721937582
2018-11-13,1644.0999755859375,1671.0999755859375,1551.65234375,1417.7719952392579,1498.5397706308877,1500.1500766798615,61.55815402879505,21.64214378728376
2018-11-14,1672.0,1715.5,1592.878662109375,1419.494063720703,1502.2393350025932,1508.9813705302913,67.18429068677624,22.779580682601722
2018-11-15,1717.75,1706.050048828125,1584.1044921875,1421.2059356689454,1505.44973332357,1516.1359535452636,65.00376733835637,23.835772085396968
2018-11-16,1704.9000244140625,1689.0999755859375,1568.36572265625,1422.7784057617187,1507.9170270228908,1521.1102172701194,61.168710967122095,24.243365003794647
2018-11-19,1693.300048828125,1701.4000244140625,1579.7867431640625,1424.4192059326172,1510.7354472637212,1526.6984578314473,62.88013803391459,24.355444916587377
2018-11-20,1701.0,1694.0,1572.9156494140625,1425.9942663574218,1513.1738865637346,1531.1000951250296,61.1344437109,24.534085117402217
2018-11-21,1690.050048828125,1689.949951171875,1569.155029296875,1427.4380432128905,1515.369225494446,1534.7243745699673,60.15018346652283,24.408954549350558
2018-11-22,1692.9000244140625,1675.0999755859375,1555.366455078125,1428.799360961914,1516.9377443016492,1536.6902869993157,56.55485594643963,23.60188576072833
2018-11-26,1678.0999755859375,1744.0,1619.3416748046875,1430.6221295166015,1520.953584713533,1544.5618477426847,66.54620271202899,24.09448340347782
2018-11-27,1738.9000244140625,1733.300048828125,1609.4066162109375,1432.386516723633,1524.4223310467646,1550.7375399777563,64.08153144217393,24.551895500316636
2018-11-28,1731.0,1732.199951171875,1608.3851318359375,1434.141444091797,1527.714989901242,1556.2277868213926,63.819811257565206,25.133285311055996
2018-11-29,1745.9000244140625,1768.5,1642.0904541015625,1436.1402673339844,1532.2003022228232,1564.4051837052184,68.40515597757907,26.362189892759893
2018-11-30,1770.949951171875,1754.0,1628.6268310546875,1438.2110565185546,1535.9817347260337,1570.5215310718345,64.86857455910152,27.837370176947463
2018-12-03,1769.5,1825.5999755859373,1695.1090087890625,1440.6724444580077,1542.2220199834073,1582.387005140142,72.44443711286266,29.813907091856514
2018-12-04,1835.0,1807.6500244140625,1678.442138671875,1442.97306640625,1547.5639854221706,1591.535113095545,68.45878837270959,31.788920160311502
2018-12-05,1803.0,1848.0999755859373,1716.0008544921875,1445.4454467773437,1554.1693528366811,1603.3889932285588,72.17401939190083,33.00858517476733
2018-12-06,1840.0,1801.5,1672.731689453125,1447.6492498779296,1558.8188562334044,1609.9930595356604,62.97155153938804,34.14113125961917
2018-12-07,1801.300048828125,1824.300048828125,1693.902099609375,1449.9362237548828,1564.1162383265796,1617.984396685538,65.30262257428417,34.912814136802645
2018-12-10,1796.800048828125,1795.800048828125,1667.4390869140625,1452.0507940673829,1568.168114741775,1622.6943671834927,60.20089095800007,35.51947966000171
2018-12-11,1781.0,1794.9000244140625,1666.6033935546875,1454.1889056396485,1572.0283217540461,1626.8761792188445,60.041365538428934,35.081641500018
2018-12-12,1796.0,1839.0999755859373,1707.6439208984375,1456.6064434814452,1577.3465805440223,1634.5683450930915,64.95302432471743,35.26723539794178
2018-12-13,1848.0,1855.550048828125,1722.9183349609375,1459.1191381835938,1583.0552767956663,1642.98262984241,66.59860242645058,35.8901252957879
2018-12-14,1837.0,1860.550048828125,1727.5609130859375,1461.660542602539,1588.722164493324,1651.0377044370316,67.10418024350179,36.25772748207818
2018-12-17,1865.0,1850.699951171875,1718.4150390625,1464.1752331542968,1593.8081595744682,1657.454593448981,65.01634324805708,36.67653004756646
2018-12-18,1848.9000244140625,1840.75,1709.1761474609375,1466.658848876953,1598.3323943935454,1662.380455735834,62.887751279928516,36.44238614999526
2018-12-19,1849.949951171875,1844.800048828125,1712.9368896484375,1469.1147625732422,1602.82668832511,1667.1953542037008,63.41284508246652,36.45112837050587
2018-12-20,1839.0,1834.25,1703.140869140625,1471.4619061279298,1606.7605777688555,1670.618736578646,60.992073419935814,35.428532561005525
2018-12-21,1833.0,1803.5,1674.588623046875,1473.797325439453,1609.4205011130916,1670.9968210041916,54.465659278595204,33.587688888296974
2018-12-24,1814.0,1784.6500244140625,1657.086181640625,1476.0154516601563,1611.2897434867205,1669.6719982076613,50.87210678879776,31.323132161496147
2018-12-26,1760.0,1791.5999755859375,1663.539306640625,1478.3780944824218,1613.3387459633443,1669.087932344134,52.12627159092814,30.30575970806058
2018-12-27,1802.699951171875,1814.9000244140625,1685.174072265625,1480.878921508789,1616.1558175830417,1670.6199456699903,56.16644463120342,28.519543818780978
2018-12-28,1817.9000244140625,1822.050048828125,1691.81298828125,1483.4099645996093,1619.1227654535596,1672.6383306805865,57.355748612776615,26.482625490949395
2018-12-31,1830.0,1819.6500244140625,1689.58447265625,1485.9330712890626,1621.8859696575867,1674.252248963983,56.798655966170294,24.73300020193412
2019-01-01,1824.800048828125,1801.0999755859375,1672.3603515625,1488.335238647461,1623.8653571832697,1674.07206825908,52.550201851791975,23.51692053988959
2019-01-02,1792.4000244140625,1784.5999755859375,1657.039794921875,1490.5533618164063,1625.16631552596,1672.44994698887,49.036729591644665,23.155328104701454
2019-01-03,1782.5999755859375,1788.4000244140625,1660.5682373046875,1492.805849609375,1626.5546261839495,1671.3183555903763,49.868052758014336,22.819563700598184
2019-01-04,1798.9000244140625,1781.699951171875,1654.3470458984375,1495.0439544677733,1627.6445249962824,1669.7020403816202,48.369876907540956,22.796594095356568
2019-01-07,1791.5,1784.949951171875,1657.364501953125,1497.3748071289062,1628.8100142887076,1668.5270367217636,49.167565471439275,22.686747738486414
2019-01-08,1792.0,1770.8499755859375,1644.2724609375,1499.6438647460936,1629.4163847455231,1666.2170771232622,45.857108416961495,23.170714773367255
2019-01-09,1777.5,1785.0,1657.4111328125,1501.9316528320312,1630.5142180030516,1665.3784157603325,49.529710232350425,23.45309823681377
2019-01-10,1785.0,1786.199951171875,1658.525146484375,1504.2073706054687,1631.612685786633,1664.7257234483366,49.84038809125019,23.610567066164776
2019-01-11,1795.0,1769.4000244140625,1642.9263916015625,1506.394329223633,1632.0563605244733,1662.6495966057867,45.60698195252249,24.329856094622908
2019-01-14,1771.0,1763.9000244140625,1637.8193359375,1508.5729333496095,1632.2823595602783,1660.2848098754735,44.280840896581424,24.997767335334032
2019-01-15,1767.4000244140625,1789.8499755859375,1661.914306640625,1510.9187469482422,1633.4443967006841,1660.4400000435833,51.45316351141362,24.931817859277437
2019-01-16,1790.0,1772.550048828125,1645.8511962890625,1513.0804681396485,1633.9309378610126,1659.0505901622005,47.10037514217238,24.79531978588707
2019-01-17,1776.9000244140625,1751.5,1626.3055419921875,1515.105517578125,1633.6319027289019,1655.9320141460087,42.4000578724838,25.421795842884308
2019-01-18,1750.0,1744.0999755859375,1619.4346923828125,1517.0936920166016,1633.0751493819964,1652.45607873999,40.85654807279431,26.404416308256064
2019-01-21,1749.0,1746.9000244140625,1622.034423828125,1519.012623901367,1632.6421797524329,1649.5587782721934,41.72103317546041,27.316849597529835
2019-01-22,1746.0,1750.199951171875,1625.098388671875,1520.9601623535157,1632.3463448080972,1647.2292173578774,42.78253184822449,28.164109080426908
2019-01-23,1752.0,1767.199951171875,1640.883544921875,1522.9451629638672,1632.681136969422,1646.6248676020678,48.0339555793922,27.28250419922509
2019-01-24,1766.800048828125,1759.5,1633.73388671875,1524.7810174560548,1632.7224212733172,1645.39715513699,45.97570656194955,26.463871095251978
2019-01-25,1762.0,1756.800048828125,1631.22705078125,1526.6382427978515,1632.663779293236,1644.0476213888244,45.24367011105926,25.962020216161704
2019-01-28,1758.9000244140625,1743.0,1618.4132080078125,1528.3544268798828,1632.1049333604744,1641.606248685871,41.597710256995775,25.86248615905488
2019-01-29,1745.0,1756.699951171875,1631.1337890625,1530.1346722412109,1632.0668492703578,1640.6088715788833,46.23010426931947,26.250186169062186
2019-01-30,1760.0,1733.3499755859375,1609.453125,1531.7256463623046,1631.1800365538734,1637.6416576189897,40.354909026035365,26.61019332121183
2019-01-31,1735.9000244140625,1763.25,1637.216064453125,1533.4389404296876,1631.4167435303148,1637.6011249365263,49.249313951106174,26.06042694255107
2019-02-01,1763.25,1799.300048828125,1670.6890869140625,1535.3296801757813,1632.9568354277167,1640.7523594105774,57.48180357717776,25.331747745457875
2019-02-04,1799.9000244140625,1802.5999755859373,1673.7529296875,1537.1947326660156,1634.5566822614337,1643.8952708655224,58.15096508517043,24.655117062442763
2019-02-05,1805.0,1821.449951171875,1691.2557373046875,1539.0279455566406,1636.780174616071,1648.4057914787763,61.8452520993829,24.4218810937921
2019-02-06,1828.4000244140625,1829.949951171875,1699.1480712890625,1540.8779425048829,1639.2259744856,1653.2383895559465,63.41361688786144,24.254759350805394
2019-02-07,1834.0,1839.050048828125,1707.5975341796875,1542.7532336425782,1641.9072121206623,1658.4154509486839,65.06907032679891,24.38504357519837
2019-02-08,1839.0999755859373,1817.300048828125,1687.4024658203125,1544.4652374267578,1643.691339716727,1661.1761190316963,58.28129311136203,23.598329210131592
2019-02-11,1811.050048828125,1804.800048828125,1675.7958984375,1546.188165283203,1644.9503420195026,1662.5684789751062,54.74658799641168,22.162500125019523
2019-02-12,1810.0,1794.5,1666.2320556640625,1547.8316595458984,1645.7849190251718,1662.917391040721,51.95064527742963,20.62438214981751
2019-02-14,1796.0,1785.050048828125,1657.457763671875,1549.4333435058593,1646.242677638768,1662.3974265294023,49.45520294104843,19.699412189693284
2019-02-15,1790.0,1772.800048828125,1646.0831298828125,1550.8313110351562,1646.236420864025,1660.843683991632,46.34714166967045,19.882790476141174
2019-02-18,1775.0999755859375,1751.9000244140625,1626.677001953125,1552.211512451172,1645.4693848283034,1657.589714273679,41.54948289098089,20.426577947993614
2019-02-19,1750.0,1737.949951171875,1613.7242431640625,1553.3668182373046,1644.2244773120588,1653.4120503584775,38.67201014076576,21.06458184304943
2019-02-20,1742.699951171875,1733.5,1609.5921630859375,1554.6707586669922,1642.866347342407,1649.2387277610926,37.77329592327359,21.90361775536873
2019-02-21,1737.0,1754.699951171875,1629.2767333984375,1556.163609008789,1642.3334213053886,1647.3375854408398,44.40196312818539,22.020410126820284
2019-02-22,1760.0,1768.550048828125,1642.136962890625,1557.66578125,1642.3257170538293,1646.8422880551052,48.27836774393587,21.373658391263216
2019-02-25,1772.0,1770.1500244140625,1643.62255859375,1559.0209771728516,1642.3765735848067,1646.5356471540238,48.723129824392515,20.636626690539483
2019-02-26,1763.4000244140625,1772.25,1645.5723876953125,1560.3943994140625,1642.5018996283559,1646.443908157956,49.338888923381155,19.463190148122354
2019-02-27,1779.0,1736.5,1612.377685546875,1561.6020764160157,1641.3205578996706,1643.1995060045197,40.43627765207331,19.606905215233777
2019-02-28,1749.0,1732.6500244140625,1608.8028564453125,1562.8354064941407,1640.0453539210685,1639.9236346179284,39.60742777733229,19.771110169844132
2019-03-01,1735.0,1734.6500244140625,1610.6597900390625,1563.9973828125,1638.8929788668722,1637.1366018008937,40.292068151412444,19.923586199125175
2019-03-05,1739.800048828125,1724.5999755859375,1601.3282470703125,1565.1152215576171,1637.4198521297524,1633.7262823027431,37.9630046599513,20.52902401735795
2019-03-06,1726.0999755859375,1699.800048828125,1578.301025390625,1566.0631726074218,1635.1014667674337,1628.447686406351,32.90785408772717,21.676403463089713
2019-03-07,1706.3499755859375,1705.4000244140625,1583.5008544921875,1566.7686352539063,1633.077913344875,1624.1670357478592,35.012295908743276,22.74182723412635
2019-03-08,1706.0,1701.5999755859375,1579.9722900390625,1567.4761572265625,1630.995339881902,1619.9580123470216,34.22771662521858,23.87117540929132
2019-03-11,1708.75,1714.949951171875,1592.3680419921875,1568.0807159423828,1629.480543886227,1617.3303961227516,39.367897270463004,24.389078652151845
2019-03-12,1718.9000244140625,1734.800048828125,1610.7991943359375,1568.9018243408202,1628.7479419430783,1616.7083769049598,46.11155347924167,24.066370133361733
2019-03-13,1749.0,1747.5999755859375,1622.6844482421875,1569.8022888183593,1628.5101578763768,1617.2775265561245,49.97537694254909,22.86793399733103
2019-03-14,1750.75,1737.300048828125,1613.12060546875,1570.683341064453,1627.9066460172542,1616.881629309708,47.051850875858605,22.21527468123614
2019-03-15,1745.0,1698.4000244140625,1577.001220703125,1571.4158679199218,1625.9103548284647,1613.0834951567,38.00858678270438,22.82361106714256
2019-03-18,1710.0,1697.550048828125,1576.2120361328125,1572.0773272705078,1623.9614011541255,1609.5719276306156,37.83746964299598,23.60074098272631
2019-03-19,1697.5999755859375,1699.6500244140625,1578.1617431640625,1572.7160052490235,1622.1653361349074,1606.5804814909438,38.573244298547436,24.322361618625507
2019-03-20,1705.0,1687.550048828125,1566.9267578125,1573.3450115966798,1619.999117377166,1602.8039363787111,35.9338304556468,24.565588166822288
2019-03-22,1687.550048828125,1678.050048828125,1558.1058349609375,1573.869892578125,1617.5719298314314,1598.5469743389233,33.968550032468116,25.111508018003406
2019-03-25,1674.0,1673.8499755859375,1554.2056884765625,1574.2577545166016,1615.0869791900639,1594.3239947329841,33.10639670838349,26.03376643433749
2019-03-26,1679.9000244140625,1683.800048828125,1563.4444580078125,1574.7953552246095,1613.0617822809559,1591.3830864734439,37.17423061142923,26.628090704668505
2019-03-27,1684.0,1680.800048828125,1560.6591796875,1575.4365509033203,1611.006778257683,1588.457000112878,36.45450172010559,26.191279904193383
2019-03-28,1685.0,1683.9000244140625,1563.53759765625,1576.0939715576171,1609.1452417635091,1586.0837236884372,37.79486682727659,25.84702196444712
2019-04-01,1710.0,1690.0,1569.2015380859375,1576.7414532470702,1607.5788220114475,1584.4758964881992,40.456347394908505,24.002252155191467
2019-04-02,1693.1500244140625,1687.1500244140625,1566.5552978515625,1577.229549560547,1605.9700563581187,1582.7691728085194,39.603779481757115,22.551245947973513
2019-04-03,1682.0,1670.800048828125,1551.373779296875,1577.6758709716796,1603.8290258851289,1579.77913533122,35.0413722333911,21.693786124008593
2019-04-04,1668.0,1666.550048828125,1547.427734375,1578.0758880615235,1601.6172105317905,1576.6980495258656,33.94669421610988,21.323008752548837
2019-04-05,1670.0,1659.0999755859375,1540.5101318359375,1578.2715655517577,1599.2208545045023,1573.251581174444,32.05611679248427,21.283539388326112
2019-04-08,1664.9000244140625,1664.9000244140625,1545.895751953125,1578.5732055664062,1597.1296740122916,1570.646264105747,35.087161711567234,20.783538451834186
2019-04-09,1668.800048828125,1680.5,1560.380615234375,1579.000416870117,1595.6885344523735,1569.6685832608543,42.51496169136883,20.08844023229958
2019-04-10,1684.699951171875,1694.1500244140625,1573.054931640625,1579.4373944091797,1594.800942185246,1569.9910926303562,48.11005855820163,18.912221514636137
2019-04-11,1703.0,1710.4000244140625,1588.1434326171875,1580.0082305908204,1594.5398633786556,1571.7198869148162,53.866751384989755,18.337402857985296
2019-04-12,1716.4000244140625,1721.6500244140625,1598.589111328125,1580.6658874511718,1594.6986574158898,1574.2788606684646,57.39099948696386,18.14131382144481
2019-04-15,1725.0,1722.050048828125,1598.9608154296875,1581.3189886474609,1594.8658008674113,1576.6295230266765,57.515373490524304,18.22037721306244
2019-04-16,1726.0,1738.550048828125,1614.2813720703125,1582.0346142578126,1595.6271958165448,1580.2154134117845,62.38853089522172,18.70868127041106
2019-04-18,1738.550048828125,1739.9000244140625,1615.5347900390625,1582.688876953125,1596.4078857860554,1583.5791635667633,62.76483415659126,19.24153793602181
2019-04-22,1740.0,1739.8499755859375,1615.48828125,1583.3103619384765,1597.1561365885632,1586.618127155643,62.73975087960406,19.772205821177636
2019-04-23,1742.0,1744.199951171875,1619.5272216796875,1583.921576538086,1598.033434043117,1589.7523266341234,64.08219070522262,20.389813816274938
2019-04-24,1744.5999755859375,1752.5999755859375,1627.3271484375,1584.6292614746094,1599.1822071566223,1593.3308810915878,66.58591448086862,21.252237230181347
2019-04-25,1756.0,1734.199951171875,1610.2421875,1585.2817590332031,1599.6159318759705,1594.9414817019128,57.18320132976059,21.45218993397259
2019-04-26,1738.0,1747.3499755859375,1622.452392578125,1585.8180419921875,1600.5114793544865,1597.5615684520283,61.38051083630801,21.557034176766773
2019-04-30,1750.0,1757.699951171875,1632.0625,1586.3917596435547,1601.7487742817616,1600.847371456597,64.34321918247757,22.176609246580632
2019-05-02,1756.5,1723.550048828125,1600.3536376953125,1586.8067010498046,1601.6940630430772,1600.8003491936176,50.56060150475121,21.04168156231131
2019-05-03,1720.0,1693.550048828125,1572.497802734375,1586.932333984375,1600.5491116584224,1598.1048685784517,42.04095295905158,20.871144986733007
2019-05-06,1687.0,1668.9000244140625,1549.60986328125,1586.8881335449219,1598.5514940750038,1593.4862966453848,36.58590636215674,21.564580261409624
2019-05-07,1678.800048828125,1697.5,1576.165283203125,1587.0214874267579,1597.6736034525773,1591.8366763175504,45.43276384024965,21.026452060532254
2019-05-08,1697.5,1688.699951171875,1567.9942626953125,1587.0512048339845,1596.509707736606,1589.5659702582896,43.42527283697215,20.52676158828898
2019-05-09,1680.0999755859375,1703.75,1581.9686279296875,1587.1734143066406,1595.9394693128054,1588.8424138460416,47.68290868078729,19.353938515718966
2019-05-10,1708.949951171875,1687.449951171875,1566.8336181640625,1587.07615234375,1594.7980633854036,1586.7463380668055,43.83518245983014,18.26488851976109
2019-05-13,1692.0,1702.0,1580.3438720703125,1586.934727783203,1594.2312323534393,1586.136579400473,47.8783787677317,17.035069084421817
2019-05-14,1700.0,1698.5,1577.093994140625,1586.7756689453124,1593.5591837960742,1585.2753808042971,47.00185500399437,16.13045016085672
2019-05-15,1700.0,1671.050048828125,1551.6060791015625,1586.4494702148438,1591.9139640041326,1582.068780642132,40.70750750253325,15.854494331763778
2019-05-16,1674.699951171875,1688.199951171875,1567.5301513671875,1586.523953857422,1590.9577360575859,1580.6841492826134,45.608367785472694,15.598249633320332
2019-05-17,1690.0999755859375,1736.800048828125,1612.656494140625,1586.9992553710938,1591.808667747117,1583.729134507186,56.56492017534692,15.482116095534723
2019-05-20,1760.0,1772.5,1645.8045654296875,1587.623218383789,1593.9261539307472,1589.641080309329,62.53500280629901,16.421685628025536
2019-05-21,1772.9000244140625,1785.25,1657.6431884765625,1588.2675982666015,1596.4248611678381,1596.1174715633513,64.4161396558514,17.80272950535032
2019-05-22,1785.0,1768.300048828125,1641.90478515625,1588.677254638672,1598.2083875987564,1600.4781680960082,60.09612409606938,17.95449977293983
2019-05-23,1785.949951171875,1753.8499755859375,1628.487548828125,1589.1202282714844,1599.3958056861825,1603.1457281657335,56.61054430390294,18.604955671795324
2019-05-24,1754.0,1749.5999755859375,1624.541259765625,1589.6124841308595,1600.381901924592,1605.1833978419138,55.58929854096806,18.487957019308272
2019-05-27,1749.0,1771.949951171875,1645.2938232421875,1590.1300262451173,1602.1431537409685,1609.0034383562256,59.7059267799404,18.804306523568492
2019-05-28,1775.0,1776.9000244140625,1649.89013671875,1590.7210986328125,1604.0155844459796,1612.8974096288468,60.577533130768124,19.35035019656474
2019-05-29,1775.0,1780.8499755859375,1653.5577392578125,1591.1934063720703,1605.9584140464437,1616.7698219744627,61.29695178245128,19.94240727867462
2019-05-30,1788.0,1784.25,1656.7144775390625,1591.4832275390625,1607.9488479088996,1620.5740748853768,61.94073447189523,20.562459890310688
2019-05-31,1786.699951171875,1788.5,1660.6611328125,1591.7805499267579,1610.0159963364918,1624.3918899260552,62.77443621240912,20.34923863640958
2019-06-03,1794.0,1839.699951171875,1708.2012939453125,1592.2500219726562,1613.8664001642887,1632.3737379278891,71.01179182964408,21.253653151226946
2019-06-04,1831.0,1815.5999755859373,1685.823974609375,1592.5406732177735,1616.688265828802,1637.4642366594592,63.849735572615764,22.10483156377055
2019-06-06,1822.1500244140625,1837.75,1706.3905029296875,1593.0851080322266,1620.206000617072,1644.0286429709095,67.13093219489006,23.00029554419267
2019-06-07,1833.0,1830.75,1699.8909912109375,1593.598198852539,1623.3309022089884,1649.348866612817,65.11936133122806,23.8317978117275
2019-06-10,1839.800048828125,1852.5,1720.08642578125,1594.0871655273438,1627.1252364667241,1656.0857770098105,68.29810186479628,25.0936857009896
2019-06-11,1855.0999755859373,1839.800048828125,1708.294189453125,1594.5307891845703,1630.3083326622693,1661.0580067663166,64.59635821094399,26.104115944185626
2019-06-12,1838.0,1847.0999755859373,1715.0721435546875,1595.0152270507813,1633.6324036776584,1666.202210269971,65.74557387082717,26.48322737309516
2019-06-13,1847.050048828125,1845.5,1713.5865478515625,1595.6023352050781,1636.7678603119293,1670.7150043253607,65.24566373162094,26.835259414225444
2019-06-14,1843.0,1822.949951171875,1692.6483154296875,1596.013662109375,1638.959250708704,1672.8038910972014,58.49469675391854,26.7711234867958
2019-06-17,1831.9000244140625,1818.050048828125,1688.0985107421875,1596.4338604736329,1640.8862805139388,1674.2605215395809,57.111837798462496,26.055461300364822
2019-06-18,1810.5,1809.5999755859373,1680.2529296875,1596.5962518310546,1642.430070677608,1674.831227077478,54.70999218336948,24.790777629425918
2019-06-19,1816.800048828125,1811.699951171875,1682.2027587890625,1596.8041687011719,1643.9897839368807,1675.5332777166764,55.21409190246099,23.900912972156448
2019-06-20,1799.0,1805.050048828125,1688.1412353515625,1597.1548754882813,1645.7212134041233,1676.7340355866656,56.79150829041751,22.533856266325945
2019-06-21,1810.0,1766.6500244140625,1652.2283935546875,1597.2323077392577,1645.9763969394396,1674.4001649169534,46.19506823211147,21.911644337393454
2019-06-24,1769.0,1764.449951171875,1650.1707763671875,1597.2618292236327,1646.1408824071943,1672.09260410269,45.66929271591185,21.46664538358991
2019-06-25,1769.699951171875,1756.449951171875,1642.68896484375,1597.2015478515625,1646.005513090981,1669.2922575066004,43.72071011376024,21.476174504138044
2019-06-26,1753.0,1761.0,1646.9444580078125,1597.259946899414,1646.0423344602684,1667.163895649573,45.154107023486844,21.485022973218456
2019-06-27,1768.0,1774.4000244140625,1659.4765625,1597.451865234375,1646.5691669324146,1666.431768682947,49.25317852351926,20.31529263751673
2019-06-28,1777.25,1787.5999755859375,1671.821533203125,1597.6270330810546,1647.559455805776,1666.9450795896307,52.98108274319606,19.08134212518368
2019-07-01,1798.9000244140625,1780.199951171875,1664.9007568359375,1597.734129638672,1648.2395068265666,1666.750382184517,50.73109787718614,17.894260728497034
2019-07-02,1784.0,1789.199951171875,1673.3177490234375,1598.2572283935547,1649.2229673048753,1667.3758456929856,53.32713002344826,16.65923236985915
2019-07-03,1793.0,1784.699951171875,1669.1092529296875,1598.9804022216797,1650.0028216431033,1667.540932096481,51.855868816938845,15.512420322552542
2019-07-04,1780.550048828125,1793.5999755859375,1677.432861328125,1599.9275366210939,1651.0785094738885,1668.4830205947328,54.5279840091749,14.550267625536327
2019-07-05,1800.0,1791.4000244140625,1675.3753662109375,1600.8786938476562,1652.0313273851455,1669.1394344629427,53.7340700889595,14.546872957557957
2019-07-08,1784.75,1753.550048828125,1639.9766845703125,1601.5136779785157,1651.5585962943678,1666.3620297112636,42.31809437661449,14.336740986487404
2019-07-09,1752.0,1740.25,1627.538330078125,1602.217802734375,1650.6166250702015,1662.6645345081076,39.169129986494035,15.021609580329207
2019-07-10,1739.0,1718.5999755859375,1607.29052734375,1602.9113983154298,1648.9175624142624,1657.3908195400736,34.649174173345685,16.274727437184215
2019-07-11,1708.0,1730.9000244140625,1618.793701171875,1603.4954022216798,1647.7362345224042,1653.7149035050072,38.958783561611384,17.43833687569244
2019-07-12,1726.800048828125,1713.199951171875,1602.2401123046875,1603.985326538086,1645.9520728668076,1648.81254243831,35.34642019046878,18.518831354307217
2019-07-15,1715.0,1716.949951171875,1605.7474365234375,1604.6028869628906,1644.3754204611855,1644.7111037797506,36.685956605196154,19.7172672245324
2019-07-16,1723.5,1741.300048828125,1628.520263671875,1605.059641723633,1643.7536496067028,1643.169119007572,44.69776170892088,19.350511858311584
2019-07-17,1740.0,1760.699951171875,1646.6636962890625,1605.6895141601562,1643.8677690844424,1643.5019358915235,50.113982398953105,18.298710984331347
2019-07-18,1766.0,1739.1500244140625,1626.5093994140625,1606.33771484375,1643.187048705212,1641.8835990841462,44.85829762221872,17.972051348995343
2019-07-19,1748.0,1720.4000244140625,1608.9739990234375,1607.0406500244142,1641.8453604823974,1638.7493514593168,40.84465799574537,17.66872454475477
2019-07-22,1722.300048828125,1680.699951171875,1571.8450927734375,1607.3714434814453,1639.1002519447911,1632.3775172987569,33.923518127597056,18.912685343554692
2019-07-23,1683.0,1693.3499755859375,1583.67578125,1607.8541784667968,1636.9267432900933,1627.7392567226848,37.55451560368243,20.067791799583187
2019-07-24,1685.0,1728.6500244140625,1616.6895751953125,1608.4588201904296,1636.1331288550039,1626.6869061010302,46.40511143038164,19.70677793950708
2019-07-25,1730.0,1736.6500244140625,1624.17138671875,1609.1548809814453,1635.6640409280922,1626.4473328265271,48.197045434055546,18.665254473018475
2019-07-26,1731.0999755859375,1730.6500244140625,1618.5599365234375,1609.6663934326173,1634.9932917357528,1625.6961522262327,46.92968737161402,17.989948202667893
2019-07-29,1729.0,1713.300048828125,1602.3336181640625,1610.205026245117,1633.7125202231375,1623.4711489822166,43.37767288303976,17.96780287770417
2019-07-30,1715.0,1719.9000244140625,1608.506103515625,1610.9817901611327,1632.7240332934311,1622.045906556827,45.080529828397935,17.947239361666426
2019-07-31,1719.0,1726.6500244140625,1614.8189697265625,1611.8612091064454,1632.0218739378677,1621.3576268587067,46.84135231481488,17.130641377189
2019-08-01,1721.0,1731.300048828125,1619.16796875,1612.7586810302735,1631.517799224618,1621.149087991211,48.07644920744342,16.372371820174248
2019-08-02,1722.199951171875,1737.449951171875,1624.91943359375,1613.9014135742189,1631.2590397881136,1621.508168524786,49.739582433245275,15.821816330174642
2019-08-05,1727.9000244140625,1741.199951171875,1628.4267578125,1614.9915148925782,1631.1479699067172,1622.1670817902827,50.775034978751556,14.796796547907144
2019-08-06,1731.5,1744.0999755859375,1631.138916015625,1616.1023321533203,1631.1476148521647,1623.0215421926964,51.60531683320314,13.918765834986472
2019-08-07,1744.0999755859375,1777.25,1662.141845703125,1617.1673565673827,1632.3630748855358,1626.747285384166,59.926257632611815,14.132023805102516
2019-08-08,1780.5,1803.0999755859373,1686.317626953125,1618.5531439208985,1634.4789396725002,1632.4206512478763,64.9824440521421,14.960545736099789
2019-08-09,1805.0,1841.3499755859373,1722.0902099609375,1620.0259313964843,1637.914675762243,1640.9606092205488,70.84436712853176,16.70660941954561
2019-08-13,1838.0,1824.75,1706.5655517578125,1621.348158569336,1640.6068669777555,1647.2086989860024,65.70390793676637,18.32795426845959
2019-08-14,1826.0,1839.050048828125,1719.939208984375,1622.6615466308594,1643.7179392133094,1654.1354142239427,67.86693319844991,20.179809616374694
2019-08-16,1838.0,1828.6500244140625,1710.2127685546875,1623.8962963867189,1646.325579579638,1659.4761146363946,64.67228115826099,21.899389582295864
2019-08-19,1830.1500244140625,1820.9000244140625,1702.9647216796875,1625.2464489746094,1648.546722407091,1663.6178867357557,62.318144883231795,23.205578616334055
2019-08-20,1822.0,1843.4000244140625,1724.0076904296875,1626.5453265380859,1651.5059760550362,1669.3692966113683,66.16853651445042,24.53590260933467
2019-08-21,1842.9000244140625,1850.0,1730.179931640625,1627.9001342773438,1654.5912292152555,1675.1607856617738,67.22637101079512,25.923713872233066
2019-08-22,1850.449951171875,1872.0999755859373,1750.8486328125,1629.4200329589844,1658.366029356324,1682.3691520570812,70.54741987966658,27.759817912304232
2019-08-23,1874.75,1860.0,1739.5322265625,1630.908187866211,1661.5490174820563,1687.8132543909305,66.56993192548697,29.464771663798892
2019-08-26,1867.5,1876.550048828125,1755.0106201171875,1632.287333984375,1665.2141783697084,1694.2130035077168,69.13334908277008,31.185728663102857
2019-08-27,1884.0,1861.4000244140625,1740.8416748046875,1633.4626257324219,1668.1799625436292,1698.6538293455235,64.27467011209637,32.21741586381777
2019-08-28,1835.0,1828.0999755859373,1709.6983642578125,1634.5474291992186,1669.8081351598717,1699.7056898133606,55.107174908187005,31.417050759994133
2019-08-29,1817.0,1832.949951171875,1714.2342529296875,1635.511919555664,1671.5503358567273,1701.0893624911062,56.08951388005673,30.6738545921579
2019-08-30,1834.199951171875,1881.9000244140625,1760.013916015625,1636.6978790283204,1675.0194958629586,1706.7012247315365,64.5264377281132,31.233649957548067
2019-09-03,1863.0,1841.8499755859373,1722.557861328125,1637.7341650390624,1676.8837454890436,1708.2113805978784,55.18394534165938,31.753459939696082
2019-09-04,1847.0,1846.5999755859373,1727.000244140625,1638.7374163818358,1678.8490983773409,1710.0007961733781,55.99767348224821,31.284870180967783
2019-09-05,1842.0,1829.75,1711.2413330078125,1639.5283966064453,1680.1193820883398,1710.1189425385624,52.36534909328616,30.849751119291508
2019-09-06,1831.0,1819.1500244140625,1701.328125,1640.3547705078124,1680.9510974966402,1709.281721820604,50.16113053349726,30.228578140993157
2019-09-09,1819.0,1834.050048828125,1715.26318359375,1641.1728247070312,1682.2966695004486,1709.8513848466177,53.146718868142074,30.143366955754548
2019-09-11,1831.0,1824.300048828125,1706.14453125,1641.7391540527344,1683.231879765137,1709.4983511707494,50.99399977390118,30.064242283747266
2019-09-12,1826.0,1805.4000244140625,1688.4688720703125,1642.2609759521483,1683.4372520123989,1707.4955436373746,47.01835156282395,28.919052253620883
2019-09-13,1806.0,1805.550048828125,1688.6090087890625,1642.8621923828125,1683.6400660036406,1705.6968260327733,47.053595656881306,27.59822414818956
2019-09-16,1801.0,1816.300048828125,1698.66259765625,1643.4565716552734,1684.2291848919783,1705.0268995207234,49.64172281016184,26.3717409074319
2019-09-17,1814.75,1831.199951171875,1712.5972900390625,1644.1549798583985,1685.3416596036288,1705.7478890938985,53.06621121326746,25.96412229859454
2019-09-18,1839.5,1829.199951171875,1710.7271728515625,1644.862840576172,1686.3371699270774,1706.2221065946283,52.54973363299646,25.663383350156117
2019-09-19,1830.0,1812.75,1695.3427734375,1645.5627221679688,1686.6903308490548,1705.1859796272827,48.37834362916442,24.748731741700567
2019-09-20,1823.0,1969.75,1842.173828125,1646.6768829345704,1692.787722899092,1718.23244138897,71.5722770568861,27.191547610904536
2019-09-23,1984.0,2039.75,1907.640380859375,1648.1680517578125,1701.213317328907,1736.271292767104,76.61691992049417,30.322830196140394
2019-09-24,2045.0,2050.449951171875,1917.6473388671875,1649.7143627929688,1709.7009260166826,1753.5452019194927,77.28059066776925,33.23044973957369
2019-09-25,2041.0,2051.5,1918.62939453125,1651.0970574951173,1717.8941992917637,1769.2675059777553,77.34853698570168,35.93038217276175
2019-09-26,2055.0,2034.4000244140625,1902.6368408203125,1652.4671075439453,1725.1390087634716,1781.9693473913321,73.49387388079957,38.52174189544935
2019-09-27,2026.0,2010.9000244140625,1880.658935546875,1653.3948571777344,1731.2378294216444,1791.3683557870982,68.44570703726642,40.4547157270791
2019-09-30,2007.9000244140625,1981.949951171875,1853.5838623046875,1654.2705657958984,1736.0357130641169,1797.2936421221066,62.72932554218441,40.950393625767575
2019-10-01,1989.0,1990.300048828125,1861.3931884765625,1654.9975274658202,1740.951692492056,1803.398360822531,63.67175322641735,41.43655759068456
2019-10-03,1984.75,1962.050048828125,1834.9727783203125,1655.8087329101563,1744.6387938970859,1806.405448203272,58.300634628398875,41.003618161630406
2019-10-04,1966.0,1944.199951171875,1818.2789306640625,1656.4306170654297,1747.5266423977519,1807.5362560566807,55.13578507270863,39.965022953688674
2019-10-07,1943.949951171875,1940.050048828125,1814.3975830078125,1657.1654095458985,1750.1490322255975,1808.1897157663122,54.39641671198967,38.635105103509126
2019-10-09,1950.0,1948.0,1821.832763671875,1657.9415563964844,1752.960158948981,1809.48905366208,55.62404992079434,37.400181385485254
2019-10-10,1948.0,1968.75,1841.2388916015625,1658.60953125,1756.422070033396,1812.5128477515545,58.745611196433664,36.67516111136449
2019-10-11,1985.8499755859373,2004.6500244140625,1874.8138427734373,1659.3690087890625,1761.0648846506526,1818.4462758488767,63.52605407466374,36.64183585786328
2019-10-14,2022.4000244140625,2014.25,1883.7918701171875,1660.1501635742188,1765.8777076101246,1824.669665779192,64.70386438744092,36.85289970598616
2019-10-15,2050.0,2064.39990234375,1930.69384765625,1661.2115576171875,1772.3410856511493,1834.7672069103403,70.13033936857454,37.70779087576501
2019-10-16,2065.300048828125,2071.0,1936.866455078125,1662.3500091552735,1778.7930609227956,1844.4909448310816,70.76731316292349,38.536682625070554
2019-10-17,2067.5,2103.85009765625,1967.5889892578125,1663.6232696533202,1786.1968228182864,1856.214568109818,73.76598600083163,39.65669087938573
2019-10-18,2100.0,2106.85009765625,1970.394775390625,1664.9595391845703,1793.4202719387702,1867.088873565133,74.02801401371846,40.79124550515305
2019-10-22,2120.0,2127.35009765625,1989.56689453125,1666.5344305419922,1801.1122963541616,1878.7534469904776,75.80623859281795,42.20620292736492
2019-10-23,2119.449951171875,2133.25,2005.4544677734373,1668.2762719726563,1809.125714841192,1890.820210874569,77.19939522123465,42.95306388898863
2019-10-24,2141.0,2133.35009765625,2005.5484619140625,1669.9863177490233,1816.8285676675791,1901.7467109735685,77.20775724722733,43.80057817828344
2019-10-25,2147.550048828125,2145.10009765625,2016.5943603515625,1671.6434191894532,1824.662520321853,1912.6845823429012,78.21871630053028,44.66750884735745
2019-10-27,2148.0,2139.75,2011.5648193359373,1673.2421783447267,1831.9920222439741,1922.1017477708094,76.55367676576704,45.4725158972119
2019-10-29,2135.0,2160.199951171875,2030.789794921875,1674.9482049560547,1839.7880133293822,1932.4529903566252,78.44267223717735,45.18805016276422
2019-10-30,2180.0,2169.39990234375,2039.4385986328125,1676.7835961914063,1847.6174480471639,1942.6420959067382,79.25250755164403,45.19485058966592
2019-10-31,2165.0,2175.35009765625,2045.0322265625,1678.7235583496094,1855.3592040673732,1952.3935369215726,79.78152785244606,45.320656496447064
2019-11-01,2165.10009765625,2179.35009765625,2048.79248046875,1680.6646795654297,1862.94482274978,1961.5743886879704,80.14798201752342,44.856552507984524
2019-11-04,2179.35009765625,2158.14990234375,2028.8626708984373,1682.5372576904297,1869.4514050301195,1967.9827965175386,72.63381498362361,44.4764814879962
2019-11-05,2153.5,2172.14990234375,2042.024169921875,1684.4605560302734,1876.2189644376394,1975.0343558893803,74.34444673099905,43.80794139423329
2019-11-06,2166.0,2179.449951171875,2048.886474609375,1686.4836260986328,1882.9902393463349,1982.0678910055703,75.21439052827435,43.375267148275604
2019-11-07,2190.0,2138.25,2010.1549072265625,1688.2473449707031,1887.9770890671282,1984.742844931379,62.361369600728025,41.742075873857225
2019-11-08,2135.0,2086.39990234375,1961.4110107421875,1689.7617742919922,1890.8568507014443,1982.5207654847893,50.6343123758293,38.87439901483775
2019-11-11,2081.300048828125,2081.35009765625,1956.6634521484373,1691.3304595947266,1893.4375017385812,1980.0581642146606,49.65488961046779,36.644435445611634
2019-11-13,2084.0,2091.0,1965.7353515625,1692.9700396728515,1896.2727115355976,1978.6940868192166,51.58216262898454,34.573754988473105
2019-11-14,2090.60009765625,2069.050048828125,1945.1002197265625,1694.3859692382812,1898.1875157783804,1975.4946709056305,47.15982558174521,32.98031680581302
2019-11-15,2062.25,2057.699951171875,1934.43017578125,1695.8288641357422,1899.608796562807,1971.5837666080704,45.01093656586417,31.81770087327546
2019-11-18,2059.800048828125,2056.199951171875,1933.0201416015625,1697.3624371337892,1900.9190453878562,1967.9110404169744,44.72093470586909,31.089292516207202
2019-11-19,2060.050048828125,2037.75,1915.6754150390625,1698.8436407470704,1901.4977265506486,1962.9362189524113,41.204146926237165,30.630919606782452
2019-11-20,2044.0,2026.5,1905.0994873046875,1700.258966064453,1901.638972070415,1957.4279587954852,39.18091546806193,30.547313717275014
2019-11-21,2027.0,2048.64990234375,1925.9224853515625,1701.7630865478516,1902.5912667088915,1954.4274375151115,44.91599707120139,30.135172919571136
2019-11-22,2050.0,2028.3499755859373,1906.83837890625,1703.0928607177734,1902.757820128396,1949.8951462190294,41.09157540243258,30.005319294378772
2019-11-25,2022.0999755859373,2062.39990234375,1938.8486328125,1704.6184344482422,1904.173146116008,1948.8430973231696,48.94415215617293,29.2260915163884
2019-11-26,2059.0,2058.35009765625,1935.04150390625,1706.1375067138672,1905.3836699509195,1947.5286598548914,48.12252211742376,27.889405887874485
2019-11-27,2062.550048828125,2093.25,1967.8507080078125,1707.884694213867,1907.8333577178566,1949.4640930123126,55.1153959686388,25.913956189914078
2019-11-28,2097.949951171875,2087.14990234375,1962.115966796875,1709.539605102539,1909.9620874856614,1950.669033372747,53.751533705220346,24.07961004180799
2019-11-29,2084.0,2035.300048828125,1913.3720703125,1711.0591998291015,1910.0958123024002,1947.1169416527234,43.8247579926634,23.595283809940067
2019-12-02,2038.0,2043.199951171875,1920.7989501953125,1712.4771142578124,1910.5155432001616,1944.610466275827,45.47697885523313,23.19915271988634
2019-12-03,2041.0,2028.449951171875,1906.9324951171875,1713.6583312988282,1910.375031510633,1941.0220880702423,42.937726149737976,23.11437181951565
2019-12-04,2027.0,2048.0,1925.311279296875,1714.916123046875,1910.9607667179368,1939.5258205680168,47.14980887869172,23.03564669774287
2019-12-05,2047.800048828125,2037.449951171875,1915.3934326171875,1716.0368115234376,1911.1345967532015,1937.227497906033,45.2103910741657,22.96254479895386
2019-12-06,2044.0,2026.050048828125,1904.676513671875,1717.0644537353517,1910.8813385931494,1934.1274041694464,43.14519578891336,23.08395346081652
2019-12-09,2030.0,2008.1500244140625,1887.8487548828125,1717.9657098388673,1909.9781000162734,1929.7199137611956,40.051466563908804,24.140379332487836
2019-12-10,2014.9000244140625,2025.3499755859373,1904.0181884765625,1719.0487884521485,1909.7443779951084,1927.2721304007543,44.192383710102554,24.57657055476602
2019-12-11,2027.9000244140625,2010.449951171875,1890.010986328125,1720.1198638916017,1908.970519498364,1923.7234500128848,41.51700499951013,25.355339119809198
2019-12-12,2010.0,2007.3499755859373,1887.0965576171875,1721.2241864013672,1908.1127170716513,1920.2351745466278,40.9613580811814,25.81524288598859
2019-12-13,2018.449951171875,2006.199951171875,1886.0155029296875,1722.3669750976562,1907.2461596543194,1916.9761582021574,40.7435317001454,26.304912071086672
2019-12-16,2000.0,1974.75,1856.44970703125,1723.4188079833984,1905.254141904395,1911.2117342811187,35.22620631968291,27.628204085735756
2019-12-17,1979.0,1961.3499755859373,1843.8521728515625,1724.5046838378905,1902.846221549382,1904.7965379544942,33.1654060680256,29.25017318868201
2019-12-18,1960.0,1928.550048828125,1813.01708984375,1725.501148071289,1899.3235105021024,1896.0556381344231,28.73427560251948,31.471453457057944
2019-12-19,1931.9000244140625,1951.0999755859373,1834.2164306640625,1726.6242694091798,1896.7702916849246,1890.1661898039126,35.14940071012623,33.53407084912131
2019-12-20,1950.0,1943.0999755859373,1826.695556640625,1727.6113635253905,1894.022262859658,1884.1213675978852,33.98074141589535,35.44935842746587
2019-12-23,1949.25,1950.4000244140625,1833.558349609375,1728.5684704589844,1891.6511290067056,1879.30584207517,36.06953312675791,37.087582632489024
2019-12-24,1952.0,1946.4000244140625,1829.7979736328125,1729.4993475341796,1889.2255150704746,1874.5908069854215,35.408464358145196,38.68163116368405
2019-12-26,1950.800048828125,1944.949951171875,1828.4345703125,1730.4136584472656,1886.8415564525149,1870.1949749213338,35.15687391988747,40.19771715045834
2019-12-27,1946.9000244140625,1949.9000244140625,1833.088134765625,1731.5172106933594,1884.7335791314606,1866.6609901445997,36.807314602511894,41.69317052903945
2019-12-30,1949.9000244140625,1937.25,1821.1959228515625,1732.5791760253906,1882.2419063361706,1862.330983735739,34.397806894740945,43.207982888924626
2019-12-31,1940.0,1923.0,1807.799560546875,1733.5648748779297,1879.322598658159,1857.1375148606091,31.86707943222468,44.75446704519084
2020-01-01,1930.0,1936.550048828125,1820.5382080078125,1734.6609246826172,1877.0173284365767,1853.6518665889141,36.6406817635399,46.23033531310784
2020-01-02,1940.0,1938.050048828125,1821.9481201171875,1735.87916015625,1874.857751639738,1850.6324621630354,37.16541837224751,46.493641392720576
2020-01-03,1937.9000244140625,1927.449951171875,1811.9830322265625,1737.021571044922,1872.392076368633,1846.9515640738475,34.96150383257602,47.031681775634034
2020-01-06,1927.3499755859373,1915.449951171875,1800.701904296875,1738.125219116211,1869.5806970717015,1842.5468345712786,32.60435294438348,47.71398317954872
2020-01-07,1919.25,1920.699951171875,1805.63720703125,1739.1915649414063,1867.073109226978,1839.0316319484186,34.67924001578663,48.20639953160742
2020-01-08,1910.0,1929.3499755859373,1813.7691650390625,1740.2064147949218,1864.9827584745108,1836.625682718956,38.062846677543796,48.95332542987889
2020-01-09,1941.550048828125,1935.050048828125,1819.1279296875,1741.1886322021485,1863.184529894628,1834.9592300492936,40.258964459385695,48.675796309701184
2020-01-10,1940.9000244140625,1954.0,1836.942626953125,1742.3077423095704,1862.1554356616277,1835.1481249925155,46.98833274394333,47.618081360405306
2020-01-13,1961.0,1994.8499755859373,1875.3453369140625,1743.799462890625,1862.672686691135,1838.9764308898057,57.97723447647968,44.2692734188373
2020-01-14,1995.5,2008.800048828125,1888.4598388671875,1745.3607019042968,1863.683947560784,1843.689136411461,60.95393225339151,41.7849864249646
2020-01-15,2011.1500244140625,2021.6500244140625,1900.5399169921875,1746.9725927734376,1865.1292796953487,1849.1034964667683,63.51745879904388,39.9404950805266
2020-01-16,2022.0,2049.25,1926.486328125,1748.770390625,1867.5354384572959,1856.4732899580285,68.32736826959061,39.13062570585153
2020-01-17,2055.0,2060.300048828125,1936.87451171875,1750.664234008789,1870.2546178008824,1864.1305491733356,70.03098276515884,38.63896098778717
2020-01-20,2060.5,2062.85009765625,1939.27197265625,1752.5895654296876,1872.9611807363872,1871.2868752193274,70.42633925201545,38.50624259389766
2020-01-21,2059.75,2055.39990234375,1932.26806640625,1754.4336834716796,1875.286940958735,1877.0946077133199,67.61984593631763,38.383004085285975
2020-01-22,2063.0,2051.699951171875,1928.7896728515625,1756.2743359375,1877.3850873074732,1882.0179472502955,66.20871557089148,36.91117178325842
2020-01-23,2051.75,2056.89990234375,1933.6781005859373,1758.1250384521484,1879.5926564556482,1886.93796185369,67.24330538277702,35.54447035994711
2020-01-24,2057.0,2073.699951171875,1949.4718017578125,1760.0263897705079,1882.333015094949,1892.8935656540827,70.3968621001579,34.89157376812768
2020-01-27,2066.0,2061.35009765625,1937.86181640625,1761.8829223632813,1884.5106151463724,1897.1762562019082,65.41160225082702,34.28531264715249
2020-01-28,2062.0,2060.60009765625,1937.15673828125,1763.8118371582032,1886.575168994799,1900.9839211618457,65.11004294607368,32.945110942073676
2020-01-29,2062.050048828125,2074.199951171875,1949.94189453125,1765.8244079589845,1889.0601386236797,1905.6465852922652,67.99164973952371,32.42884625970927
2020-01-30,2074.89990234375,2058.10009765625,1934.806640625,1767.7958905029298,1890.8541190943197,1908.4237334191923,61.514551275667685,31.2940799028097
2020-01-31,2064.0,2034.25,1912.385009765625,1769.6283367919923,1891.6984677480964,1908.8009978331384,53.3989644931474,29.167260366112604
2020-02-03,2074.89990234375,2178.949951171875,2048.416748046875,1772.0685174560547,1897.8442826617738,1922.0977359487324,74.97239181594281,30.017304072817943
2020-02-04,2177.0,2155.60009765625,2026.46533203125,1774.3355694580077,1902.8882453821457,1932.0375070042103,69.3899152102862,30.93199832945862
2020-02-05,2167.39990234375,2160.300048828125,2030.8837890625,1776.5492712402345,1907.90767846765,1941.4514386288092,69.876131018072,31.78135728205353
2020-02-06,2166.0,2156.39990234375,2027.2176513671875,1778.6924139404298,1912.5865009342983,1949.6196493657976,68.89822882656308,31.820808891289115
2020-02-07,2165.0,2159.949951171875,2030.5543212890625,1780.8503814697265,1917.2126899678185,1957.3277133584893,69.31907575770182,31.857442528436444
2020-02-10,2160.10009765625,2159.300048828125,2029.944091796875,1782.9286950683593,1921.6335292552326,1964.24355892405,69.13482869883693,32.2299544161043
2020-02-11,2169.0,2152.64990234375,2023.692138671875,1784.9694818115233,1925.6358276637286,1969.9053284238428,67.16513411775978,32.410397711968294
2020-02-12,2157.10009765625,2260.35009765625,2124.940185546875,1787.5167413330078,1933.4516848356166,1984.6705529117505,78.06456588900869,33.9567560629717
2020-02-13,2256.0,2283.39990234375,2146.609375,1790.1521520996093,1941.8108099401022,2000.0932978725361,79.62353713002446,35.57395809715285
2020-02-14,2273.0,2255.050048828125,2119.957763671875,1792.6153051757813,1948.796964988407,2011.5089612819968,72.77295657666187,37.16700629238981
2020-02-17,2248.0,2252.60009765625,2117.654541015625,1795.1523669433593,1955.4188307149645,2021.618064113771,72.19487462072587,38.5214701005508
2020-02-18,2252.60009765625,2234.39990234375,2100.544921875,1797.5428295898437,1961.1100499761424,2029.1349077100786,67.88110078307153,38.92977818950501
2020-02-19,2250.199951171875,2292.14990234375,2154.8349609375,1800.1566918945311,1968.7071053079603,2041.1063413507854,73.32718500827997,39.904751425912885
2020-02-20,2282.199951171875,2248.25,2113.565185546875,1802.7227496337891,1974.3878143369375,2048.0071836551747,64.3893130798698,40.810083716863055
2020-02-24,2236.800048828125,2215.14990234375,2082.44775390625,1805.2724993896484,1978.6254590259302,2051.2872379648006,58.590335599420484,40.44649024948391
2020-02-25,2239.89990234375,2233.60009765625,2099.79248046875,1808.023412475586,1983.3771069256486,2055.9067848699387,60.71417607385625,40.38912813104725
2020-02-26,2238.800048828125,2236.199951171875,2102.237060546875,1810.6537713623047,1988.0382815774615,2060.319192077266,61.017641893981825,39.538345587771964
2020-02-27,2241.949951171875,2254.949951171875,2119.86376953125,1813.4131188964843,1993.2079085560415,2065.9901042157408,63.22358811864904,38.822437507411856
2020-02-28,2191.10009765625,2174.75,2044.4681396484373,1815.7256164550781,1995.2181136969198,2063.940393304569,50.150893592603765,36.774886316205716
2020-03-02,2190.0,2159.449951171875,2030.0845947265625,1818.0418713378906,1996.5854266784745,2060.7160315352353,48.107269000723164,34.52010152865443
2020-03-03,2171.89990234375,2166.64990234375,2036.85302734375,1820.3244171142578,1998.1645482731913,2058.4433644693795,49.157195274055994,32.42222374815845
2020-03-04,2179.0,2175.85009765625,2045.50244140625,1822.666459350586,2000.0209362391936,2057.2108956062243,50.534524386825055,30.474194380555044
2020-03-05,2185.0,2218.0,2085.127197265625,1825.3340649414063,2003.3584366716027,2059.869591002358,56.36622961358027,30.28381809670238
2020-03-06,2185.0,2188.89990234375,2057.7705078125,1827.7852667236327,2005.4922433830106,2059.66967831761,51.82364568202738,29.43864264646874
2020-03-09,2140.0,2121.5,1994.4083251953125,1829.6940258789064,2005.0575799246694,2053.4543113535815,43.14976104563505,27.456486038193827
2020-03-11,2066.0,2155.0,2025.9012451171875,1831.5945092773438,2005.8749785596704,2050.830209807258,47.824128757426024,26.3131553124515
2020-03-12,2102.39990234375,2055.949951171875,1932.7850341796875,1832.9702185058593,2003.0087062310436,2039.5878121284418,37.90118703329537,25.846813182957227
2020-03-13,1970.0,2033.199951171875,1911.398193359375,1834.317685546875,1999.4161370988213,2027.3792770075781,36.05099561643835,27.11867153503922
2020-03-16,2000.0,1941.9000244140625,1825.567626953125,1835.3030859375,1992.598548465657,2008.159119859535,29.770069039123637,28.299682861972496
2020-03-17,1955.550048828125,2004.050048828125,1883.994384765625,1836.6003515625,1988.339561653891,1996.3339069934482,37.7239973800058,28.318972260938086
2020-03-18,2034.050048828125,1923.800048828125,1808.5518798828125,1837.4166418457032,1981.289064329535,1978.4499044114827,32.59125453492114,28.795260217692324
2020-03-19,1894.300048828125,1838.300048828125,1728.1737060546875,1837.8080596923828,1971.3629718481686,1954.61407599655,28.19037595403963,30.429521651097332
2020-03-20,1850.0,2051.699951171875,1928.7896728515625,1839.1842193603516,1969.6934307110469,1952.1546090303607,47.31320468600247,29.2769622557559
2020-03-23,1950.0,1869.699951171875,1757.692626953125,1839.6891101074218,1961.3796737009322,1933.6344202611003,38.01522234728694,28.206728531510286
2020-03-24,1975.0,2027.8499755859373,1906.368408203125,1840.917646484375,1959.2223691716065,1931.0376572079597,47.643701382073,26.232540495335876
2020-03-25,2010.050048828125,2088.14990234375,1963.055908203125,1842.191919555664,1959.3727040355877,1934.0870144455946,50.78291104705033,24.985340407860324
2020-03-26,2089.0,2194.89990234375,2063.410888671875,1844.0798541259765,1963.452632844854,1946.4035738957166,55.831816466908805,24.742120264152653
2020-03-27,2239.0,2140.550048828125,2012.317138671875,1845.6094873046875,1965.3688879753254,1952.6810562553508,52.858703893430544,24.647723381395643
2020-03-30,2123.0,2184.35009765625,2053.4931640625,1847.3774981689453,1968.8247419395284,1962.282209379841,54.941137425024586,24.342764312824578
2020-03-31,2234.800048828125,2298.5,2160.80517578125,1849.5810919189453,1976.3533864039096,1981.1891585609278,59.91139779176383,24.803131269079074
2020-04-01,2293.199951171875,2179.64990234375,2049.07470703125,1851.284994506836,1979.2052028990993,1987.6544488914346,53.31703450577461,24.88909892233838
2020-04-03,2234.0,2154.10009765625,2025.0552978515625,1852.8349102783204,1981.0032458384117,1991.216434506685,51.99215429678203,24.589835299411
2020-04-07,2220.0,2444.89990234375,2298.434326171875,1855.7591491699218,1993.4515234985474,2020.475281331941,63.200472014443896,25.65327753341058
2020-04-08,2432.0,2460.85009765625,2313.42919921875,1858.8630535888672,2005.9996676444377,2048.375654464018,63.70106456746619,27.33436944598001
2020-04-09,2499.949951171875,2372.25,2230.136962890625,1861.5732458496093,2014.7893654972295,2065.686255266552,58.90749428693539,28.09621462751135
2020-04-13,2381.0,2346.449951171875,2205.882080078125,1864.2013916015626,2022.2831974415785,2079.0382385819403,57.54939197130556,28.484448386901885
2020-04-15,2425.949951171875,2487.550048828125,2338.529296875,1867.4830242919923,2034.685005262497,2103.751672705089,62.624369383646105,29.31083323671083
2020-04-16,2466.0,2436.10009765625,2290.161376953125,1870.493125,2044.703686505267,2121.5049778715684,59.81626379658947,30.123864370820154
2020-04-17,2498.800048828125,2385.0,2242.122802734375,1873.4425970458985,2052.4456126318987,2132.9923897632643,57.07871639659435,30.128786598277056
2020-04-20,2420.0,2336.550048828125,2196.57568359375,1876.1746215820312,2058.0977722774614,2139.0479415566438,54.53049424904246,29.778969176143764
2020-04-21,2283.0,2317.39990234375,2178.57275390625,1878.8540405273438,2062.822281360943,2142.8122093994634,53.51355767208015,29.040954453728574
2020-04-22,2317.949951171875,2386.14990234375,2243.2041015625,1881.8353387451173,2069.8960782315926,2152.3733419864193,56.639852249625136,28.51235741183893
2020-04-23,2389.0,2317.5,2178.66650390625,1884.4312884521485,2074.161585120795,2154.877452645451,52.81992055176238,28.117443922586997
2020-04-24,2311.0,2283.10009765625,2146.327880859375,1886.8038201904296,2076.9916359340727,2154.0632077134437,50.965108738828505,27.415537771969763
2020-04-27,2305.0,2320.449951171875,2181.43994140625,1889.3865161132812,2081.087647913374,2156.670515684187,52.89908410424346,26.763767774968045
2020-04-28,2338.64990234375,2289.949951171875,2152.766845703125,1891.7837615966796,2083.8985968463053,2156.2987375907524,51.12575869049281,25.94734789099925
2020-04-29,2290.0,2231.75,2098.053466796875,1893.9284826660157,2084.4536897855432,2150.7515689437164,47.830788705838266,24.60592600505343
2020-04-30,2272.0,2195.0,2063.50537109375,1895.8588452148438,2083.6321870917473,2142.4424072437196,45.8225904067673,23.039364426177574
2020-05-04,2130.0,2082.64990234375,1957.8853759765625,1897.2713952636718,2078.700939597034,2124.8655471230377,40.25772129445818,22.504046447200068
2020-05-05,2101.199951171875,2041.5,1919.20068359375,1898.667515258789,2072.4460275969054,2105.2784172631054,38.41745126073418,22.293385748506726
2020-05-06,2049.949951171875,2010.199951171875,1889.77587890625,1899.9787030029297,2065.282492354135,2084.754365991024,37.03083898243106,22.378903226488976
2020-05-07,1950.0999755859373,1992.050048828125,1872.71337890625,1901.3058172607423,2057.730762415002,2064.5599862686645,36.21458784698942,23.19579036105909
2020-05-08,2074.949951171875,2089.449951171875,1964.2783203125,1903.0332403564453,2054.0659607639236,2055.0093514156965,43.42199589523425,22.817840488898998
2020-05-11,2083.0,2048.0,1925.311279296875,1904.6485961914063,2049.0167575691376,2042.657154071047,41.28406769435692,22.252653673394036
2020-05-12,2020.0,2011.550048828125,1891.0450439453125,1906.0750842285156,2042.821788407419,2028.2179054876437,39.44487365196328,22.153177392444274
2020-05-13,2075.0,1995.75,1876.1915283203125,1907.3134405517578,2036.287268404003,2013.7392029002788,38.64126618018812,21.49799842334656
2020-05-14,1988.0,2006.050048828125,1885.87451171875,1908.5094946289062,2030.3887289261502,2001.5616132639427,39.50648671404683,20.889617952041537
2020-05-15,2015.0,2032.0999755859373,1910.3638916015625,1909.9287670898439,2025.68187256048,1992.8761159627636,41.74389457933323,20.183560062275827
2020-05-18,2041.5,2005.25,1885.1224365234373,1911.3095092773438,2020.1697378139295,1982.6138607780658,40.097714820107214,19.710226958736843
2020-05-19,2018.0,1975.550048828125,1857.2017822265625,1912.7362927246095,2013.778837594817,1970.6698532969704,38.298583389132986,19.487473436623265
2020-05-20,1975.550048828125,1990.8499755859373,1871.5849609375,1914.175838623047,2008.2026071376674,1961.2331968817825,39.79714406048185,19.28063088037494
2020-05-21,1999.0,1970.9000244140625,1852.8302001953125,1915.3565417480468,2002.1095715713006,1950.9091019592615,38.484618656576544,19.31399106064135
2020-05-22,1975.0,1987.9000244140625,1868.8118896484373,1916.5797442626954,1996.8822114958941,1943.0903198344213,40.2917349654306,19.34496837088873
2020-05-26,2004.949951171875,1977.800048828125,1859.3170166015625,1917.783529663086,1991.4874979706265,1935.1119100027206,39.548403529550534,18.925540845084214
2020-05-27,1990.0,1998.0999755859373,1878.4007568359373,1919.1638653564453,1987.0527238084817,1929.7108477963602,41.86968716022192,18.725766422425675
2020-05-28,2000.0,2009.949951171875,1889.5406494140625,1920.5690380859376,1983.2287208910534,1925.885114617094,43.23983143612141,18.35080917235883
2020-05-29,2009.0,2057.35009765625,1934.1014404296875,1922.165450439453,1981.3021608729607,1926.667621837341,48.47180063845592,17.0595134430694
2020-06-01,2075.0,2108.550048828125,1982.234130859375,1923.98078125,1981.3387087155652,1931.9596703156299,53.46182618688297,16.900247970164923
2020-06-02,2122.0,2107.39990234375,1981.1529541015625,1925.761948852539,1981.3314242208985,1936.644744961909,53.33687895230034,16.75235860246791
2020-06-03,2115.0,2120.5,1993.46826171875,1927.5871563720702,1981.807378632579,1942.0565084625605,54.63739027361573,16.937082482047597
2020-06-04,2115.0,2120.60009765625,1993.562255859375,1929.3992730712891,1982.2683542101006,1946.9618177384475,54.6477794019534,17.108611798800162
2020-06-05,2124.0,2087.60009765625,1962.5389404296875,1930.9012585449218,1981.494651708908,1948.4453532328514,50.53403620566077,16.8480672489347
2020-06-08,2107.0,2111.699951171875,1985.1953125,1932.3956469726563,1981.6397756614997,1951.9453493535323,53.29892926772876,16.46226810014066
2020-06-09,2100.0,2106.5,1980.306640625,1933.6867291259766,1981.587495856147,1954.6464247127196,52.615535425129664,16.440837485397413
2020-06-10,2115.89990234375,2119.60009765625,1992.6221923828125,1935.1170123291015,1982.0202290532711,1958.2631644908236,54.208425556099826,16.420937628850112
2020-06-11,2115.0,2106.89990234375,1980.6826171875,1936.4207293701172,1981.967773685986,1960.3983504619357,52.37038416017058,16.548208117997227
2020-06-12,2065.25,2107.25,1981.0118408203125,1937.7747247314453,1981.9302861226263,1962.3615400198762,52.41829296363258,15.913023718939632
2020-06-15,2114.85009765625,2084.300048828125,1959.4366455078125,1939.057084350586,1981.0481825691043,1962.0829786377749,48.943852957634846,15.575783742527333
2020-06-16,2109.800048828125,2076.35009765625,1951.9630126953125,1940.1968609619141,1979.9075876720929,1961.1191723575403,47.76284231652388,15.26263233585877
2020-06-17,2076.0,2078.25,1953.7491455078125,1941.31470703125,1978.8817664107487,1960.4172650385185,48.08525569219168,14.971848886809392
2020-06-18,2070.25,2065.35009765625,1941.6221923828125,1942.2685748291015,1977.4206066449474,1958.6272581189273,46.00891718553016,14.462521033681032
2020-06-19,2079.0,2092.75,1980.8076171875,1943.4749517822265,1977.5534305877927,1960.7396732683153,53.061849914473754,14.359774020353724
2020-06-22,2110.0,2100.800048828125,1988.4268798828125,1944.6420330810547,1977.979840364068,1963.3765500887437,54.31160994298303,14.700782568082662
2020-06-23,2115.0,2155.949951171875,2040.6268310546875,1946.1409588623046,1980.4365850970335,1970.7337197045479,61.81323512711744,16.02992445405983
2020-06-24,2172.0,2130.300048828125,2016.348876953125,1947.6742114257813,1981.8449102678608,1975.0780203948884,57.1160833114276,17.345686325338477
2020-06-25,2114.300048828125,2173.14990234375,2056.90673828125,1949.3875738525392,1984.7885113664252,1982.8712316221608,62.273657353678615,18.56746520581151
2020-06-26,2179.949951171875,2154.199951171875,2038.9705810546875,1950.7823571777344,1986.9132984130235,1988.214026806211,58.89996773817819,19.70197416625075
2020-06-29,2151.35009765625,2182.949951171875,2066.1826171875,1952.5004809570312,1990.0218991492775,1995.6396068425242,62.2421089850396,21.060146365667396
2020-06-30,2193.800048828125,2180.0,2063.390380859375,1954.182431640625,1992.8990945104579,2002.0920615107957,61.68779263930296,22.397843437256828
2020-07-01,2183.0,2170.39990234375,2054.3037109375,1955.8977435302734,1995.3071186840673,2007.0645995514342,59.8207155417277,23.200641225468978
2020-07-02,2167.75,2151.75,2036.651611328125,1957.574360961914,1996.9284713367754,2009.8824101968332,56.25844387050818,23.302677590866146
2020-07-03,2165.5,2173.699951171875,2057.427734375,1959.2851837158203,1999.3009914559216,2014.4105363090396,59.32831682106784,23.652596699785512
2020-07-06,2180.0,2161.60009765625,2045.974853515625,1960.9843353271485,2001.1313389876746,2017.4166617572857,56.95532928277491,23.828687528644046
2020-07-07,2175.5,2154.14990234375,2038.923095703125,1962.7366064453124,2002.6133686627902,2019.4648935616513,55.483806443735006,23.929101021091927
2020-07-08,2153.60009765625,2186.050048828125,2069.117431640625,1964.6391485595702,2005.2213711325094,2024.1937067120298,60.22273670566154,22.863015241781877
2020-07-09,2183.0,2175.85009765625,2059.46240234375,1966.4431475830079,2007.3484703956954,2027.5526301055268,58.09312780939836,22.65073592004025
2020-07-10,2170.0,2223.800048828125,2104.847900390625,1968.4044006347656,2011.1719774543203,2034.9140844183933,64.4560081842415,22.77665204071243
2020-07-13,2239.0,2265.25,2144.08056640625,1970.5711676025392,2016.384078981847,2045.3108922267606,68.85783286284327,23.856075676157353
2020-07-14,2264.800048828125,2234.75,2115.2119140625,1972.6705133056641,2020.2596803575589,2051.968132401593,62.7042649938946,24.502367624463982
2020-07-15,2237.25,2275.14990234375,2153.450439453125,1974.2268963623046,2025.4828473809143,2061.6331140255484,66.92107764610805,25.528477707759173
2020-07-16,2275.25,2287.85009765625,2165.471435546875,1975.516051635742,2030.9725959364423,2071.5224779799605,68.14059179565002,26.487243928141563
2020-07-17,2285.0,2334.550048828125,2209.673828125,1976.9761840820313,2037.9804873948174,2084.679749422345,72.19924615777369,28.216304899326584
2020-07-20,2334.550048828125,2330.949951171875,2206.26611328125,1978.4143676757812,2044.5799237040894,2096.2594031231934,71.44361486271539,29.870613420522496
2020-07-21,2348.0,2318.0,2194.0087890625,1979.8712274169923,2050.4398792083407,2105.5688684507463,68.66006753048612,31.50878621078511
2020-07-22,2330.0,2248.5,2128.226318359375,1981.1090643310547,2053.490327802499,2107.7267208229964,56.04069186888243,30.414216741325557
2020-07-23,2260.0,2211.35009765625,2093.0634765625,1982.3064624023436,2055.0422159891655,2106.330221369616,50.678795722269896,28.391245422510355
2020-07-24,2200.0,2209.300048828125,2091.123046875,1983.455111694336,2056.457150533708,2104.881919036796,50.39226091854283,27.09366767105803
2020-07-27,2217.75,2221.5,2102.670654296875,1984.7936010742187,2058.2694447989306,2104.6713223948987,52.12694742050407,25.476446988938466
2020-07-28,2230.949951171875,2242.550048828125,2122.5947265625,1986.315180053711,2060.7920048680903,2106.3783132680037,55.04769680619246,23.74586880566114
2020-07-29,2235.0,2231.300048828125,2111.946533203125,1987.8029248046876,2062.7980648027974,2106.9086199284916,53.18030062945691,22.394669051682598
2020-07-30,2231.300048828125,2195.60009765625,2087.0419921875,1989.1289709472655,2063.748807053178,2105.016560143635,48.994025805798294,21.087475701931556
2020-07-31,2197.5,2209.89990234375,2100.634521484375,1990.4259490966797,2065.1953056583234,2104.5992231284677,51.249622004853165,20.165797437897375
2020-08-03,2209.800048828125,2204.5,2095.501953125,1991.5293896484375,2066.383801637409,2103.732816461471,50.34428630981832,19.27782179058658
2020-08-04,2209.89990234375,2197.800048828125,2089.13330078125,1992.5560968017578,2067.275938858736,2102.3423863966877,49.183281649569885,18.79535874015935
2020-08-05,2202.0,2194.550048828125,2086.04345703125,1993.3328448486327,2068.0119199635405,2100.790107409503,48.597719063560525,18.34735733619121
2020-08-06,2200.0,2220.449951171875,2110.6630859375,1994.2018280029297,2069.6845147076174,2101.730391078836,53.36227910405667,17.298367697948915
2020-08-07,2223.0,2210.550048828125,2101.2529296875,1994.8701477050781,2070.922491765652,2101.6849185653755,51.40111920614153,16.138393777199177
2020-08-10,2218.0,2206.75,2097.640625,1995.506376953125,2071.970261696411,2101.2997477496256,50.63185644604299,15.25980875631885
2020-08-11,2209.050048828125,2210.64990234375,2101.347900390625,1996.0652819824218,2073.122325958929,2101.304333715435,51.435159207180206,14.224475352030678
2020-08-12,2200.050048828125,2195.10009765625,2086.56640625,1996.4708416748047,2073.6495447938732,2099.9007215758697,48.07615635175271,13.797796904897334
2020-08-13,2200.0,2198.64990234375,2089.941162109375,1996.8928051757812,2074.2884317474227,2098.95219210287,48.89671162221722,13.101594104676701
2020-08-14,2204.0,2173.89990234375,2066.414794921875,1997.141907348633,2073.9796616758326,2095.8533923713467,43.7107803173204,13.276273522386905
2020-08-17,2181.0,2196.050048828125,2087.469482421875,1997.5214306640626,2074.508674254109,2095.054924757111,48.930937761601356,13.438475838832094
2020-08-18,2204.0,2214.35009765625,2104.864501953125,1997.8918041992188,2075.6990988697567,2095.9891702043506,52.82357725330829,13.045170389353315
2020-08-19,2206.0,2193.60009765625,2085.140869140625,1998.1203155517578,2076.069364370575,2094.955998674472,48.3256665837313,12.489237855120432
2020-08-20,2186.0,2185.699951171875,2077.63134765625,1998.2833111572265,2076.1306186170723,2093.3060319108317,46.695369062612286,12.465609949337054
2020-08-21,2199.0,2202.050048828125,2093.1728515625,1998.5052130126953,2076.7989414776775,2093.2933480681336,50.42301446420737,11.978133841487345
2020-08-24,2206.0,2194.39990234375,2085.901123046875,1998.7904052734375,2077.155889774509,2092.589326637538,48.70673514559286,11.39980604177293
2020-08-25,2194.39990234375,2179.10009765625,2071.357666015625,1998.9370727539062,2076.9285084506314,2090.567263721165,45.3798564907357,11.478384149733502
2020-08-26,2182.10009765625,2182.800048828125,2074.874755859375,1999.0670141601563,2076.8479691333273,2089.0727391628993,46.33450516363939,12.064293000703563
2020-08-27,2182.10009765625,2171.25,2063.895751953125,1999.335718383789,2076.340039047829,2086.6749308572066,43.76314214774902,12.508782726327604
2020-08-28,2179.0,2151.949951171875,2045.5499267578125,1999.7564129638672,2075.132583663907,2082.7582638001213,39.78952007334832,13.572030285850934
2020-08-31,2152.0,2117.35009765625,2012.660888671875,2000.0364001464843,2072.6827132720628,2076.082323311717,33.85483859380452,15.64950147840422
2020-09-01,2149.949951171875,2161.64990234375,2054.770263671875,2000.4815747070313,2071.980264268134,2074.052603346018,45.1376090307552,17.207705343146632
2020-09-02,2171.0,2141.64990234375,2035.7591552734373,2000.9348693847655,2070.559828621283,2070.4056082914863,41.680861332012114,18.155980046376918
2020-09-03,2153.0,2139.14990234375,2033.3826904296875,2001.4296319580078,2069.1019016333776,2066.879616114172,41.25553720652935,19.255000446531337
2020-09-04,2115.0,2124.64990234375,2019.5997314453125,2001.8625299072266,2067.160640057375,2062.376769955233,38.7836547354067,20.620316142140847
2020-09-07,2126.0,2162.60009765625,2055.67333984375,2002.56251953125,2066.7101576960567,2061.738348039854,47.628189006303366,20.350170935190544
2020-09-08,2154.0,2142.25,2036.32958984375,2003.2186700439454,2065.518762878319,2059.318466306892,43.960395089619766,20.09932181445098
2020-09-09,2122.0,2132.25,2026.8240966796875,2003.723178100586,2064.0013249881767,2056.223764437634,42.23902821269967,20.48054020127386
2020-09-10,2142.0,2133.89990234375,2028.3924560546875,2004.3309484863282,2062.604898755491,2053.5731636392584,42.638136476864744,20.834528703323677
2020-09-11,2125.0,2159.25,2052.489013671875,2004.899150390625,2062.208197379663,2053.4699112614126,48.523330358818846,20.035411365461375
2020-09-14,2167.0,2123.5,2018.506591796875,2005.3164758300782,2060.4944089254363,2050.140071312409,41.98175799960032,19.604801119879074
2020-09-15,2136.89990234375,2124.449951171875,2019.40966796875,2005.574270629883,2058.8832426134095,2047.2133662320605,42.20474445137496,19.400141866590193
2020-09-16,2125.0,2143.5,2037.51806640625,2005.9512811279296,2058.04539256607,2046.290004343888,46.63388857245451,18.28229540235941
2020-09-17,2135.0,2128.199951171875,2022.974609375,2006.4992938232422,2056.6700677350477,2044.0694905373273,43.7350154858611,17.24429511414511
2020-09-18,2120.0,2098.699951171875,1994.932861328125,2006.8699633789063,2054.2490008171294,2039.3898115650225,38.73518459274836,17.37616852219812
2020-09-21,2098.699951171875,2037.800048828125,1937.0440673828125,2007.0205212402343,2049.6527289177443,2029.6425978333834,30.88546306605441,19.032713546591562
2020-09-22,2040.550048828125,2026.800048828125,1926.587890625,2007.026904296875,2044.826656827833,2019.8278638135375,29.714144702115785,20.931547229934434
2020-09-23,2035.0,2052.550048828125,1951.0648193359373,2007.2052612304688,2041.1497220242293,2013.2790024347184,35.84756428362127,22.473027807533388
2020-09-24,2044.0,2060.89990234375,1959.001708984375,2007.4768872070313,2037.9282313167841,2008.1097363918286,37.74466088895208,23.04826848333146
2020-09-25,2082.0,2079.050048828125,1976.254638671875,2007.9189166259766,2035.5096590561996,2005.075917561357,41.77535933044324,22.514275571201342
2020-09-28,2083.0,2063.300048828125,1961.283203125,2008.2052416992187,2032.598817647133,2000.9051828531326,39.39196125479399,22.276029855041838
2020-09-29,2065.0,2033.199951171875,1932.67138671875,2008.418543701172,2028.6800948656278,1994.4067260784295,35.25259248386473,22.805409490645975
2020-09-30,2038.949951171875,2068.25,1965.988525390625,2008.813003540039,2026.2216019450393,1991.7002307748292,42.79127929358215,22.377245584350522
2020-10-01,2090.0,2095.0,1991.4158935546875,2009.340005493164,2024.8566722042412,1991.6731510395775,47.78775817594636,21.61386606930017
2020-10-05,2100.0,2111.050048828125,2006.67236328125,2010.091118774414,2024.1435620503985,1993.1016474435462,50.57689105175538,20.47384196607742
2020-10-06,2119.0,2115.89990234375,2011.2823486328125,2010.9282696533203,2023.639200739905,1994.833142794905,51.4213384195057,19.084785049656347
2020-10-07,2123.0,2139.35009765625,2033.5731201171875,2012.0310498046874,2024.0287662056808,1998.5226644446461,55.39034339207285,18.071915177560147
2020-10-08,2147.0,2160.800048828125,2053.96240234375,2013.1297796630859,2025.2026342895267,2003.802639482656,58.71318046973276,17.535688597095746
2020-10-09,2150.0,2139.64990234375,2033.858154296875,2014.1655926513672,2025.5420664466776,2006.6650694649627,54.40963349200023,16.294910198425487
2020-10-12,2145.199951171875,2138.39990234375,2032.670166015625,2015.1611517333984,2025.8215997631069,2009.1417453269305,54.15702106273387,15.142758828231676
2020-10-13,2137.949951171875,2138.199951171875,2032.47998046875,2016.174561767578,2026.0827127319556,2011.3644343880562,54.11370627093256,14.225795999281814
2020-10-14,2132.60009765625,2158.14990234375,2051.443359375,2017.2896057128905,2027.0772478944277,2015.1814748630031,57.742853036618854,13.739564946393504
2020-10-15,2160.0,2152.550048828125,2046.120361328125,2018.3547668457031,2027.8240366565335,2018.128035478729,56.39456079014429,13.723670674891935
2020-10-16,2171.89990234375,2150.550048828125,2044.2191162109373,2019.4698828125,2028.4669809527848,2020.6129003103679,55.89255783707493,13.70891170849762
2020-10-19,2153.550048828125,2177.800048828125,2070.1220703125,2020.781495361328,2030.1005138688522,2025.32805935819,60.9878055339259,14.088960297896149
2020-10-20,2182.10009765625,2173.10009765625,2065.654296875,2022.007075805664,2031.4947798690932,2029.1686534074101,59.70664767535852,15.075971843030436
2020-10-21,2190.0,2163.14990234375,2056.196044921875,2023.1783154296875,2032.4634569299867,2031.742690694502,56.97785731798275,15.992482563512272
2020-10-22,2160.0,2179.35009765625,2071.595458984375,2024.4763775634765,2033.998045245845,2035.5381924363946,60.16968356631909,16.84352823253112
2020-10-23,2188.89990234375,2143.85009765625,2037.8505859375,2025.6621209716798,2034.149125272969,2035.758420388881,51.20477344246087,16.9812426575397
2020-10-26,2150.0,2166.75,2059.6181640625,2026.9320257568359,2035.1479111078527,2038.0307769292256,55.78154058228375,17.109120337904805
2020-10-27,2157.0,2176.699951171875,2069.076416015625,2028.2085620117186,2036.478440712079,2040.9875044612636,57.64069619391674,17.787164931210476
2020-10-28,2183.949951171875,2164.35009765625,2070.6552734375,2029.4661987304687,2037.8187086620956,2043.8130062685243,57.95846220701919,17.978051823309563
2020-10-29,2142.0,2122.10009765625,2030.2342529296875,2030.4326568603515,2037.5212790255307,2042.5197916648256,48.02548507152217,16.86864409659879
2020-10-30,2118.199951171875,2071.300048828125,1981.6331787109373,2030.964096069336,2035.3295888171153,2036.7210666215983,39.30347128632468,17.067694323823474
2020-11-02,2072.0,2072.0,1982.3026123046875,2031.4333099365235,2033.2500995421183,2031.5383566866544,39.46654605863581,17.56756448679385
2020-11-03,2091.800048828125,2055.699951171875,1966.7083740234373,2031.7641522216798,2030.6406201100133,2025.3640726234908,36.97444345327611,18.358189476905824
2020-11-04,2050.0,2060.050048828125,1970.8701171875,2031.9860711669921,2028.2966788189344,2020.1741721057774,38.09785349041476,19.092341253438374
2020-11-05,2087.0,2102.35009765625,2011.3389892578125,2032.3583935546876,2027.631671385165,2019.3327261202571,47.834992935010966,18.61060307025644
2020-11-06,2105.0,2094.14990234375,2003.4937744140625,2032.6795025634765,2026.6850871902197,2017.824254529191,46.314070528510165,17.70651665514142
2020-11-09,2120.0,2132.550048828125,2040.231689453125,2033.219320678711,2027.2163264946475,2019.958295950518,53.73279079058604,16.513434411590758
2020-11-10,2140.0,2136.60009765625,2044.1063232421875,2033.795903930664,2027.8786793082768,2022.2581080735342,54.447746639888805,15.798240509523717
2020-11-11,2136.60009765625,2131.14990234375,2038.891845703125,2034.32197265625,2028.310568186506,2023.8422735620668,53.255045853707436,15.13413188617575
2020-11-12,2129.0,2192.10009765625,2097.203369140625,2035.0606304931641,2031.0122466552953,2030.8290445695486,63.0124702032037,15.61226835543838
2020-11-13,2205.0,2185.35009765625,2090.745849609375,2035.8250506591796,2033.3547408887887,2036.535406954294,61.48193265146708,16.387537490987572
2020-11-14,2197.0,2187.699951171875,2092.993896484375,2036.6042364501952,2035.693531304302,2041.912405957159,61.82952433263548,17.107430259711826
2020-11-17,2220.35009765625,2177.60009765625,2083.331298828125,2037.2711834716797,2037.5616790503345,2045.8570624210606,59.35038112265597,18.303129286660205
2020-11-18,2170.0,2132.10009765625,2039.8011474609373,2037.7961560058593,2037.6495013409465,2045.2803086153347,49.685130705309746,17.731886933721803
2020-11-19,2125.800048828125,2130.75,2038.509521484375,2038.4267785644531,2037.683227621081,2044.6354717457195,49.427917543036564,16.848915621192603
2020-11-20,2135.0,2120.25,2028.4638671875,2038.3270141601563,2037.321684074666,2043.095318930651,47.373773598472404,15.682326088003624
2020-11-23,2140.0,2129.39990234375,2037.217529296875,2038.3807751464844,2037.3175995735764,2042.53552944172,49.34911353538198,14.763149016559082
2020-11-24,2132.0,2157.35009765625,2063.9580078125,2038.5461462402343,2038.362321465299,2044.5757654770323,54.916157117360406,14.144469574668895
2020-11-25,2162.0,2135.85009765625,2043.3890380859373,2038.6270031738281,2038.559447607285,2044.4627438207374,50.33344791642759,13.855538694792417
2020-11-26,2140.0,2154.199951171875,2060.944580078125,2038.7789544677735,2039.437295939475,2046.0324425119172,53.87160334072345,13.39552086628622
2020-11-27,2167.0,2138.199951171875,2045.6365966796875,2038.8574169921876,2039.6804057724246,2045.9947429088477,50.49376345108945,13.139060161418598
2020-12-01,2159.0,2133.050048828125,2040.7100830078125,2038.9425067138673,2039.7207852718516,2045.491441965892,49.41980717947844,12.900918078327235
2020-12-02,2145.0,2139.300048828125,2046.689208984375,2038.5512518310547,2039.9940567899898,2045.6055150152713,50.7878628723814,12.372172836168724
2020-12-03,2153.0,2127.75,2035.63916015625,2037.996400756836,2039.8232765298433,2044.6563383620312,48.19354409724486,12.11956133755194
2020-12-04,2141.0,2184.199951171875,2089.645751953125,2037.8448406982423,2041.7770990954623,2048.941044418326,59.1709541752526,13.094773810058383
2020-12-07,2189.25,2256.14990234375,2158.480712890625,2038.0489715576173,2046.353711401155,2059.37339379664,68.37031830083836,15.3139217519856
2020-12-08,2259.5,2260.0,2162.164306640625,2038.3570684814454,2050.89530337133,2069.163004543686,68.77575943075492,17.660740029950528
2020-12-09,2260.0,2292.199951171875,2192.97021484375,2038.5477447509766,2056.4668685271113,2080.9541674294064,72.00740094579618,20.094855431418477
2020-12-10,2290.0,2350.449951171875,2248.69873046875,2039.223412475586,2064.0053729169795,2096.92984009982,76.70451578347031,23.06182507738125
2020-12-11,2366.25,2374.75,2271.94677734375,2040.1709075927733,2072.159937796461,2113.598119837337,78.33752875443463,26.058416415935344
2020-12-14,2380.949951171875,2370.75,2268.11962890625,2041.012543334961,2079.8446315654724,2128.3144540343765,77.37592256488355,28.895754336199442
2020-12-15,2361.0,2320.050048828125,2219.61474609375,2041.5994317626953,2085.3258125273655,2137.0097199447932,66.27252836146845,29.72222747905264
2020-12-16,2317.10009765625,2343.949951171875,2242.47998046875,2042.2125128173827,2091.4887210740862,2147.0545066613604,68.56270986545499,30.346501971074435
2020-12-17,2342.0,2315.300048828125,2215.0703125,2043.0655236816406,2096.3350579927496,2153.5322024555167,63.03692541039232,30.926185427951815
2020-12-18,2322.0,2333.449951171875,2232.4345703125,2044.0772735595704,2101.6722937699947,2161.046713679991,64.96340744266338,31.496368771194163
2020-12-21,2343.0,2305.949951171875,2206.125,2044.9236334228515,2105.7684783280342,2165.3398838057064,59.87172987642461,30.42090138859779
2020-12-22,2310.0,2311.0,2210.9560546875,2045.7509014892578,2109.8934813225233,2169.684281032544,60.48418729246902,29.422253104758305
2020-12-23,2320.0,2370.35009765625,2267.7373046875,2046.6639520263673,2116.0834351799735,2179.022664237778,66.88207059337114,29.388177079535293
2020-12-24,2382.5,2402.25,2298.25634765625,2047.8663812255859,2123.227470963357,2190.378253134775,69.71982269942471,29.899422396282258
2020-12-28,2405.0,2388.89990234375,2285.484130859375,2049.321760253906,2129.5904772337894,2199.435955775213,67.12748423286735,30.489300552644007
2020-12-29,2395.0,2384.300048828125,2281.08349609375,2050.597671508789,2135.53137993418,2207.211911996026,66.21396280694856,30.29939414693786
2020-12-30,2390.0,2406.60009765625,2302.41796875,2052.4458361816405,2142.0759520446045,2216.2791554964047,68.45524622889457,30.335196687339923
2020-12-31,2396.0,2395.39990234375,2291.702880859375,2054.3473596191407,2147.9436747432233,2223.4623674357354,66.08411753276201,30.41224079289591
2021-01-01,2395.39990234375,2387.550048828125,2284.19287109375,2056.6404858398437,2153.28678048246,2229.2462249269747,64.40041070127954,30.296996901300822
2021-01-04,2405.0,2426.5,2321.4560546875,2058.827794189453,2159.8816539806967,2238.028113475596,68.66626210509935,30.69989318556332
2021-01-05,2405.0,2450.550048828125,2344.46533203125,2061.5073614501953,2167.1202295905223,2248.1649914332775,70.97877509239437,31.53459103961928
2021-01-06,2445.800048828125,2417.300048828125,2312.654541015625,2064.429765625,2172.8274574895463,2254.306853298263,63.951617684717796,32.1724650900901
2021-01-07,2432.0,2368.85009765625,2266.30224609375,2066.117328491211,2176.4931354740247,2255.449271659738,55.35222604029831,31.407846476160024
2021-01-08,2390.0,2391.199951171875,2287.684326171875,2068.7672869873045,2180.853574324921,2258.51927685137,58.14796227967622,30.555217299257713
2021-01-11,2425.0,2429.10009765625,2323.944091796875,2070.8551654052735,2186.4649671669586,2264.7502116080846,62.4428226970442,30.62776337759126
2021-01-12,2429.800048828125,2375.89990234375,2273.046630859375,2072.4051190185546,2189.8603265274455,2265.540346774874,54.057091627783315,29.717496466043333
2021-01-13,2381.89990234375,2372.35009765625,2269.650634765625,2073.4363177490236,2192.98935822306,2265.931802773993,53.540442020587506,28.646557902094223
2021-01-14,2366.0,2398.550048828125,2294.71630859375,2074.848313598633,2196.97865039446,2268.673184280636,56.820755524630904,27.24361334093033
2021-01-15,2392.5,2351.14990234375,2249.368408203125,2075.827689819336,2199.033150700682,2266.834634178016,49.949530491343545,25.6897581793477
2021-01-18,2374.5,2332.60009765625,2231.621337890625,2076.181770629883,2200.311118825778,2263.48098691255,47.527252166286424,24.098353975576295
2021-01-19,2342.0,2363.14990234375,2260.848388671875,2077.240639038086,2202.685129407978,2263.2302632705814,51.682880295736865,22.397316897699906
2021-01-20,2357.0,2355.949951171875,2253.96044921875,2078.385164794922,2204.6959262633027,2262.3474238370736,50.66453297819691,20.817782468243255
2021-01-21,2376.0,2367.64990234375,2265.154052734375,2078.2187634277343,2207.066833183737,2262.6147218272927,52.309094283154366,20.076375991056388
2021-01-22,2359.0,2409.35009765625,2305.048583984375,2078.1768603515625,2210.9092547837618,2266.656042032729,57.71871847930633,19.959213861726198
2021-01-25,2420.0,2399.60009765625,2295.72119140625,2078.504781494141,2214.235213082683,2269.424151496874,56.11602669183423,20.101511360163293
2021-01-27,2425.0,2391.300048828125,2287.7802734375,2078.9142724609374,2217.1193330965975,2271.1723535864576,54.72287822852865,18.693138942243063
2021-01-28,2367.89990234375,2300.39990234375,2200.815185546875,2078.225701904297,2216.4799547613147,2264.471670916021,42.32899592085778,18.458049587260366
2021-01-29,2315.10009765625,2263.89990234375,2165.8955078125,2077.6043725585937,2214.4962509594006,2255.083464906162,38.553197429195066,18.98511657849159
2021-02-01,2276.64990234375,2248.60009765625,2151.2578125,2077.150047607422,2212.016312196287,2245.1953075341467,37.06083865289455,19.887155523360786
2021-02-02,2271.050048828125,2230.449951171875,2133.893310546875,2076.8366357421874,2208.9526650727807,2234.5951173448825,35.31445498371003,21.051593967129275
2021-02-03,2231.5,2232.85009765625,2136.189453125,2076.624719238281,2206.0992057807107,2225.2231493239415,35.74562477706897,22.132858236342877
2021-02-04,2239.0,2245.60009765625,2148.387451171875,2076.1506359863283,2203.835999717619,2217.9054637856493,38.10591089843201,23.066193569456964
2021-02-05,2245.60009765625,2269.550048828125,2171.301025390625,2076.11380859375,2202.5601183714625,2213.4669458432663,42.38715721672788,23.041050136059336
2021-02-08,2288.0,2236.64990234375,2139.824951171875,2076.0812939453126,2200.099915736185,2206.453422541229,38.45240858325243,23.234757922818144
2021-02-09,2247.0,2216.25,2120.308349609375,2075.7756359863283,2196.970834711604,2198.2491298810523,36.20803096453817,23.799980888742443
2021-02-10,2220.0,2235.5,2138.724853515625,2075.705426025391,2194.6866785862712,2192.580151179583,39.779946609534434,24.324830785672145
2021-02-11,2242.0,2263.0,2165.034423828125,2076.040330810547,2193.523845066344,2189.956748574682,44.55611965366834,23.846663919920413
2021-02-12,2268.0,2241.550048828125,2144.51318359375,2076.4453698730467,2191.6018583419286,2185.6287900050693,41.77313675634032,23.25837031412384
2021-02-15,2251.0,2215.199951171875,2119.303466796875,2077.2524603271486,2188.7666273009463,2179.31209255667,38.58477091472186,23.17238670498019
2021-02-16,2227.0,2196.10009765625,2101.030517578125,2078.1616094970705,2185.3259955471103,2171.8567044634756,36.41517513838241,23.595602105978607
2021-02-17,2196.0,2163.89990234375,2070.22412109375,2079.063850708008,2180.812196548939,2162.177410809216,33.041948740075696,24.56092954087748
2021-02-18,2164.0,2146.85009765625,2053.912353515625,2079.969845581055,2175.8357321162603,2151.866452971731,31.384199089817443,25.74348261480688
2021-02-19,2152.89990234375,2181.10009765625,2086.679931640625,2080.5818536376955,2172.339426215255,2145.658212844959,38.102429539212906,25.892596747572377
2021-02-22,2205.0,2167.60009765625,2073.764404296875,2081.324119262695,2168.473739081201,2138.8111834594274,36.5820524681924,25.647727984578207
2021-02-23,2185.0,2179.25,2084.909912109375,2082.2934436035157,2165.1967262587764,2133.677729045137,38.84967021410757,25.420349847512195
2021-02-24,2188.5,2178.85009765625,2084.52734375,2083.335122680664,2162.0332210623537,2128.9967399694096,38.79838818275855,25.546472648419265
2021-02-25,2177.0,2163.300048828125,2069.650390625,2084.2540020751953,2158.4103649667713,2123.3447066985136,36.765967917176795,25.663586677832974
2021-02-26,2158.0,2132.050048828125,2039.753173828125,2084.900948486328,2153.7571417848635,2115.383608329905,33.022212640394685,26.61313427420635
2021-03-01,2135.199951171875,2143.39990234375,2050.611572265625,2085.728394165039,2149.7122174899914,2109.21484299045,35.587586791998234,27.49485704226734
2021-03-02,2162.0,2177.949951171875,2083.666259765625,2086.860716552734,2147.1221799321734,2106.781644588086,42.77331038726403,27.09355130595228
2021-03-03,2205.0,2193.5,2098.542724609375,2087.9955053710937,2145.217103252848,2105.9969855424943,45.70880768469895,25.97715536358582
2021-03-04,2185.0,2196.89990234375,2101.79541015625,2089.2403314208987,2143.5142917588637,2105.5968355057094,46.35673352281191,24.940501988531253
2021-03-05,2184.60009765625,2201.10009765625,2105.814208984375,2090.425343017578,2142.035857140256,2105.617537741773,47.1952427394395,23.743835558204804
2021-03-08,2210.0,2174.550048828125,2080.41357421875,2091.530825805664,2139.6192970256875,2103.21716026339,42.656733657592184,22.827845667830037
2021-03-09,2176.0,2198.5,2103.32666015625,2092.6554553222654,2138.196056364141,2103.2275888246145,47.55603550088244,22.196278187285035
2021-03-10,2210.5,2227.85009765625,2131.40625,2093.8647833251953,2137.9297894479,2105.9112708413177,52.87024653546138,20.79559615062531
2021-03-12,2236.0,2204.75,2109.30615234375,2094.740806884766,2136.8072938751884,2106.2345928891687,48.68849922289489,19.595934283262903
2021-03-15,2206.10009765625,2210.85009765625,2115.14208984375,2095.4053466796877,2135.9576780308184,2107.082925932462,49.817260086804765,18.50500735895411
2021-03-16,2221.35009765625,2244.050048828125,2146.90478515625,2096.234105834961,2136.386976349463,2110.875483953775,55.54869238666454,17.874926876377376
2021-03-17,2254.0,2226.300048828125,2129.9228515625,2096.91637878418,2136.133481259778,2112.68951896413,52.12119127962577,17.710592916989324
2021-03-18,2238.0,2215.199951171875,2119.303466796875,2097.5450848388673,2135.4734806926053,2113.3194187577246,50.04181209080034,17.024964284430364
2021-03-19,2204.10009765625,2312.050048828125,2211.9609375,2098.7921948242188,2138.4729888026995,2122.713849114132,63.663438280986504,18.15280466055876
2021-03-22,2310.10009765625,2353.199951171875,2251.329345703125,2100.1228649902346,2142.8987282889907,2134.9629440273693,67.69393391901521,19.714531271143603
2021-03-23,2363.0,2337.300048828125,2236.11767578125,2101.4019201660158,2146.554373288687,2144.5967280039295,64.70730242034021,21.41016110872829
2021-03-24,2337.300048828125,2318.60009765625,2218.2275390625,2102.529946899414,2149.365085671974,2151.609186199984,61.28284137045702,22.341740191176658
2021-03-25,2318.60009765625,2237.050048828125,2140.207763671875,2103.327572631836,2149.0059750053038,2150.523336435402,49.08318963999484,20.879246904652767
2021-03-26,2255.0,2317.89990234375,2217.5576171875,2104.510301513672,2151.6942746987233,2156.9075536498876,58.00826415599521,19.585573065911625
2021-03-30,2325.0,2398.75,2294.907958984375,2106.187658081055,2157.310497611886,2170.0504493960293,64.67638198650633,19.847715044096365
2021-03-31,2386.0,2431.5,2326.239990234375,2108.05904296875,2163.935183597082,2184.9256437615863,66.96476066469636,20.54987238660754
2021-04-01,2446.800048828125,2399.10009765625,2295.24267578125,2109.766510620117,2169.084497016069,2195.4320277634592,62.64118671971962,21.31321617918417
2021-04-05,2400.0,2373.199951171875,2270.463623046875,2111.4107177734377,2173.0601490172767,2202.5778939809275,59.34273995737961,20.924542812478403
2021-04-06,2382.300048828125,2408.300048828125,2304.04443359375,2113.0269018554686,2178.1967876281187,2212.2413739440535,62.24424803847557,20.563631829108765
2021-04-07,2417.0,2405.25,2301.12646484375,2114.5903997802734,2183.017559283634,2220.7066206964055,61.831325697910636,20.62970879532055
2021-04-08,2406.0,2409.89990234375,2305.574951171875,2115.915140380859,2187.823731514545,2228.789318836926,62.24255875472703,20.757474011157022
2021-04-09,2424.0,2476.0,2368.813720703125,2117.6774645996093,2194.9213781493913,2242.1249761575164,67.58862390023472,21.55784438486338
2021-04-12,2441.5,2462.0,2355.41943359375,2119.170028076172,2201.2154195393664,2252.9149244847767,65.47405516091014,22.376673277646848
2021-04-13,2470.0,2454.39990234375,2348.1484375,2120.7159173583987,2206.9774986750776,2261.984782867179,64.29806125264673,23.392186571916987
2021-04-15,2497.0,2460.64990234375,2354.1279296875,2122.1556439208985,2212.74810381282,2270.7603206595904,64.85708301317304,23.52836407232286
2021-04-16,2469.89990234375,2458.89990234375,2352.45361328125,2123.600960083008,2218.2267512429544,2278.5406342426054,64.55228897137451,23.654814608414025
2021-04-19,2440.0,2436.64990234375,2331.1669921875,2124.985276489258,2222.655780299603,2283.5526683325957,60.64987910752488,23.03442511034464
2021-04-20,2456.0,2397.449951171875,2293.663818359375,2126.270337524414,2225.4404092431237,2284.515635001813,54.40910075024799,21.688183675268032
2021-04-22,2390.0,2349.39990234375,2247.693603515625,2127.221666870117,2226.3130835283196,2281.008774860271,47.902420411232235,20.937254082915903
2021-04-23,2340.0,2307.75,2207.846923828125,2128.03102722168,2225.5889204028217,2274.040979523876,43.09198177333762,20.80673803644729
2021-04-26,2324.0,2360.64990234375,2258.45703125,2129.128696899414,2226.8778659262402,2272.5567939739835,49.96476949028849,20.207559226443642
2021-04-27,2363.0,2379.85009765625,2276.826171875,2130.167240600586,2228.83662302227,2272.963401393128,52.22025260637192,19.262419335549758
2021-04-28,2380.0,2406.550048828125,2302.3701171875,2131.3817791748047,2231.7202894601223,2275.764040992592,55.24173937372209,18.572181495632698
2021-04-29,2433.0,2407.60009765625,2303.375,2132.3744146728513,2234.530278108745,2278.3936561361547,55.36133084564068,18.003123899124223
2021-04-30,2410.0,2353.75,2251.855712890625,2132.9132904052735,2235.2097069237207,2275.8662329699137,48.24411032268658,17.07032047311591
2021-05-03,2343.0,2408.0,2303.757568359375,2133.8560186767577,2237.89785835257,2278.5225506260526,54.57924653852315,16.204145863251046
2021-05-04,2409.199951171875,2407.64990234375,2303.422119140625,2134.605877075195,2240.4674372070035,2280.893938103631,54.532786191393456,15.327978179949929
2021-05-05,2434.0,2394.64990234375,2290.9853515625,2135.2334466552734,2242.448531887611,2281.8550250997137,52.74027162584032,14.311954030500544
2021-05-06,2400.0,2390.0,2286.536376953125,2135.617759399414,2244.1774669882193,2282.3008681333718,52.0807645648214,13.36850303458326
2021-05-07,2408.800048828125,2411.199951171875,2306.818603515625,2136.120521850586,2246.633982146157,2284.635890550729,54.85249642787421,12.674968899749762
2021-05-10,2423.0,2432.89990234375,2327.5791015625,2136.788373413086,2249.808300554641,2288.725720170898,57.55856159127881,12.574290406612297
2021-05-11,2425.0,2402.10009765625,2298.112548828125,2137.6378045654296,2251.70258480066,2289.6197038525384,52.727751064018925,11.888140130240776
2021-05-12,2389.0,2328.949951171875,2228.12939453125,2138.3131341552735,2250.7781459665657,2283.7634839171774,43.40933548647864,12.323767207101627
2021-05-14,2328.89990234375,2376.85009765625,2273.95556640625,2139.2272967529298,2251.687064415181,2282.8293965351845,49.68044478523436,12.728278064186702
2021-05-17,2385.0,2376.25,2273.381591796875,2140.08085144043,2252.5378301948554,2281.9296056077264,49.6062966612355,12.756634406984645
2021-05-18,2402.10009765625,2374.25,2271.46826171875,2140.825219116211,2253.2802000585375,2280.9332871421093,49.341926343007074,12.420118298586926
2021-05-19,2360.0,2359.75,2257.595947265625,2141.5534661865236,2253.4494450470506,2278.710683344349,47.37073091706926,12.611763219662178
2021-05-20,2360.0,2344.14990234375,2242.671142578125,2142.3316119384767,2253.0267665188576,2275.2783461285185,45.275087923974105,12.875839733743055
2021-05-21,2340.0,2362.25,2259.98779296875,2143.1283782958985,2253.2997479482656,2273.822102970445,48.14167797915331,12.991289920943649
2021-05-24,2355.0,2336.550048828125,2235.400634765625,2143.8278717041017,2252.5978219411036,2270.1629155223673,44.57167481691014,13.443055210707522
2021-05-25,2355.0,2344.050048828125,2242.57568359375,2144.595083618164,2252.204796907874,2267.535560100594,45.83401165970079,13.530258916511922
2021-05-26,2355.75,2354.0,2252.094970703125,2145.4253411865234,2252.200489997884,2266.0650277770255,47.54098935179659,13.597295571935197
2021-05-27,2353.0,2326.39990234375,2225.689453125,2146.000473022461,2251.1608414930647,2262.219734953023,43.45053763724865,14.227173502083527
2021-05-28,2333.35009765625,2321.699951171875,2221.193115234375,2146.6001739501953,2249.9856365417436,2258.312437836961,42.775623779575625,14.898751747385617
2021-05-31,2325.0,2340.050048828125,2238.7490234375,2147.305715942383,2249.5449850474597,2256.449255513203,46.28399804208049,15.522360118023274
2021-06-01,2347.0,2358.300048828125,2256.208740234375,2148.0800201416014,2249.8063087802802,2256.426349296172,49.59383844564455,15.357480998081511
2021-06-02,2356.0,2358.800048828125,2256.68701171875,2148.930623168945,2250.076140268063,2256.451174288798,49.685296144369325,14.792405952005337
2021-06-03,2369.0,2363.25,2260.944580078125,2149.785640258789,2250.5023535939476,2256.8791176973054,50.54552511047188,14.433700222812112
2021-06-04,2370.0,2342.050048828125,2240.662109375,2150.656876831055,2250.116461663793,2255.3346407142285,46.469550034947346,14.464071526518442
2021-06-07,2354.0,2339.300048828125,2238.031494140625,2151.4096868896486,2249.6425413687666,2253.686721992933,45.95197402699038,14.58930037183829
2021-06-08,2339.300048828125,2359.0,2256.87841796875,2152.1697564697265,2249.9263012354327,2253.990693038249,50.22907233632191,14.336007423075468
2021-06-09,2362.0,2356.0,2254.008544921875,2153.014094848633,2250.0863892231364,2253.9923932176416,49.58559710168314,13.654445319229083
2021-06-10,2364.0,2378.800048828125,2275.821533203125,2154.0050457763673,2251.0956105556847,2256.071358930545,54.37036462662716,13.427287124170267
2021-06-11,2381.0,2366.5,2264.0537109375,2154.859450073242,2251.6037713549717,2256.8315829312073,51.52902122658658,13.216354514472796
2021-06-14,2358.39990234375,2364.60009765625,2278.60498046875,2155.8229693603516,2252.66264230061,2258.9052398395447,54.68268315830592,12.500611927877738
2021-06-15,2360.0,2391.949951171875,2304.959716796875,2156.990979614258,2254.71350796713,2263.2913805021476,59.78600585016965,12.129748904405048
2021-06-16,2385.0,2407.89990234375,2320.32958984375,2158.2182537841795,2257.2866876485664,2268.7235909156334,62.442345431407354,12.554220648652471
2021-06-17,2398.0,2417.699951171875,2329.7734375,2159.547642211914,2260.129305289799,2274.5378620189067,64.0152009854602,13.156983636284476
2021-06-18,2420.0,2482.89990234375,2392.602294921875,2161.2829040527345,2265.324324491057,2285.782093723951,72.32032668210773,15.287028164204765
2021-06-21,2473.949951171875,2514.35009765625,2422.908935546875,2163.334144287109,2271.5041131599123,2298.841792945182,75.28362408813801,17.754790655671485
2021-06-22,2518.10009765625,2490.25,2399.685302734375,2165.058719482422,2276.530826476558,2308.445936734629,69.17245227939185,20.116022692654017
2021-06-23,2495.0,2480.5,2390.289306640625,2166.831370239258,2280.991943345737,2316.2405433923427,66.8094758199521,21.3355707483701
2021-06-24,2490.0,2490.14990234375,2399.588623046875,2168.6623999023436,2285.642793530096,2324.1784557403935,67.97548420928932,22.468008228677892
2021-06-25,2488.0,2448.64990234375,2359.597900390625,2170.36239074707,2288.542993799136,2327.5517361832726,58.46360990593834,22.392221369205036
2021-06-28,2450.10009765625,2460.199951171875,2370.72802734375,2171.93766418457,2291.7659362910817,2331.663763912842,60.13556627957535,22.046586638912267
2021-06-29,2455.0,2492.550048828125,2401.9013671875,2173.765523071289,2296.0849727968234,2338.3530594628096,64.45159397704407,22.468183378352787
2021-06-30,2492.550048828125,2471.300048828125,2381.42431640625,2175.538524169922,2299.4316137226833,2342.4550839336134,59.86647050805875,23.01603539771013
2021-07-01,2484.0,2478.0,2387.880615234375,2177.3359649658205,2302.9002020172597,2346.781325009876,60.8130556259871,23.52475512997052
2021-07-02,2478.0,2487.300048828125,2396.842041015625,2179.057730102539,2306.58419570347,2351.549012248519,62.147572964460295,23.54033149922323
2021-07-05,2499.0,2499.050048828125,2408.165283203125,2181.00602355957,2310.56776776228,2356.9410380537197,63.823989215156,24.04812657726213
2021-07-06,2490.0,2472.5,2382.58056640625,2182.8218780517577,2313.3917990816512,2359.382897896818,57.61503493711897,23.86351202985708
2021-07-07,2458.0,2481.64990234375,2391.3974609375,2184.5912750244142,2316.450844644626,2362.4319039006923,59.09197458251827,22.837851079490598
2021-07-08,2462.199951171875,2447.550048828125,2358.537841796875,2186.2690911865234,2318.1013151211846,2362.0610408431858,51.84159363971108,21.629026248957274
2021-07-09,2440.0,2451.449951171875,2362.296142578125,2188.1059075927733,2319.834445609692,2362.0834314846084,52.55856829227377,20.506546049176333
2021-07-12,2453.0,2444.14990234375,2355.261474609375,2190.1969946289064,2321.223740864582,2361.433721306015,51.02723239946238,19.149460405696882
2021-07-13,2455.0,2436.699951171875,2348.08251953125,2192.3044677734374,2322.2770263024904,2360.162178279847,49.44400642943422,17.88930945103739
2021-07-14,2439.800048828125,2414.85009765625,2327.02734375,2194.184280395508,2322.463313261216,2357.006479753195,45.03099776399083,17.280256562642386
2021-07-15,2425.0,2412.35009765625,2324.6181640625,2196.0123626708983,2322.547817214208,2353.921878258843,44.541131673427756,16.987160266594177
2021-07-16,2420.0,2417.39990234375,2329.484375,2197.778511352539,2322.8198390881603,2351.594496996096,45.823126197462365,16.492322265051133
2021-07-19,2400.050048828125,2408.64990234375,2321.052490234375,2199.577357788086,2322.750531289973,2348.685734447361,43.928264036173765,16.306509549053086
2021-07-20,2403.0,2434.89990234375,2346.34765625,2201.645739135742,2323.6759087393857,2348.463060333326,50.536362615520616,15.843707048818285
2021-07-22,2450.0,2378.14990234375,2291.661865234375,2203.274105834961,2322.4204560529147,2343.0534227048547,39.6556128030657,16.70359254515982
2021-07-23,2382.0,2358.10009765625,2272.341552734375,2204.6787341308595,2320.4565774914036,2336.3189588981427,36.65306792332123,16.721484947644985
2021-07-26,2357.25,2348.699951171875,2263.282958984375,2205.961787109375,2318.2144748048536,2329.363149382546,35.30338273112121,16.163326807508888
2021-07-27,2348.699951171875,2342.39990234375,2257.212158203125,2207.1914361572267,2315.8222270949823,2322.4916264130775,34.38944378514662,15.443317585776487
2021-07-28,2350.0,2361.39990234375,2275.52099609375,2208.4011755371093,2314.2417866635615,2318.018233049332,39.478205783831235,15.044442618613957
2021-07-29,2361.39990234375,2334.75,2249.84033203125,2209.380565185547,2311.716239423079,2311.5250996190384,35.338097174929295,14.20884104645491
2021-07-30,2340.0,2333.300048828125,2248.44287109375,2210.4534887695313,2309.2349308611447,2305.5172683309156,35.1222458508342,13.36279164544039
2021-08-02,2342.0,2332.800048828125,2247.961181640625,2211.5299438476563,2306.83203873485,2300.0357362651735,35.04279064007648,12.577174344498335
2021-08-03,2330.0,2386.85009765625,2300.045654296875,2212.8677722167968,2306.5659060117923,2300.036680839621,48.586634945699984,12.786224185484725
2021-08-04,2386.85009765625,2377.10009765625,2290.650146484375,2214.0638061523437,2305.9417585793444,2299.142725186741,46.69523308721605,13.030066456334959
2021-08-05,2391.0,2357.699951171875,2271.955322265625,2215.192980957031,2304.608957155277,2296.553448718063,43.099976927064475,12.722944670686688
2021-08-06,2357.699951171875,2371.5,2285.25390625,2216.3981549072264,2303.8499355511485,2295.477301816343,46.269175792002024,12.437760155441866
2021-08-09,2379.449951171875,2384.5,2297.78125,2217.536450805664,2303.611947882476,2295.6967254528818,49.14278621673845,12.646919987327431
2021-08-10,2394.0,2381.800048828125,2295.17919921875,2218.684075317383,2303.281251856448,2295.647437240107,48.561833323773584,12.184826065541452
2021-08-11,2390.0,2390.449951171875,2303.514404296875,2219.920667114258,2303.290395089406,2296.3966721978945,50.577376666883524,11.792037098462501
2021-08-12,2395.0,2392.300048828125,2305.29736328125,2221.089176635742,2303.3690997243802,2297.244357062976,51.019496151599085,12.076504767282927
2021-08-13,2401.0,2404.5,2317.053466796875,2222.485191040039,2303.9057415703605,2299.1309389423955,53.94497913891138,12.340653316901893
2021-08-16,2404.0,2426.39990234375,2338.156982421875,2223.877885131836,2305.248927486106,2302.8477049880603,58.71226780460263,13.442801765741718
2021-08-17,2433.0,2483.800048828125,2393.4697265625,2225.4998516845703,2308.7085666655726,2311.478373709436,68.04798680824126,15.611548817520676
2021-08-18,2485.0,2486.050048828125,2395.637939453125,2227.1247650146483,2312.117561676849,2319.49357044693,68.35009365780371,17.850070432960354
2021-08-20,2490.0,2619.39990234375,2524.13818359375,2229.5942846679686,2320.432095869669,2338.98353360377,80.26150282097474,21.38528485603562
2021-08-23,2625.0,2634.14990234375,2538.351806640625,2232.377877807617,2328.9779668802944,2357.9709881787085,81.10842667718005,24.948059724789434
2021-08-24,2634.0,2633.0,2537.24365234375,2235.1525830078126,2337.1452486631747,2375.0445752420455,80.81727813049588,28.256350674346546
2021-08-25,2632.0,2645.0,2548.807373046875,2238.0630780029296,2345.4457241292025,2391.5934131282197,81.56109466205393,31.383192038353627
2021-08-26,2631.0,2666.39990234375,2569.4287109375,2241.0558709716797,2354.2293706707046,2408.530108157675,82.83900939784019,34.47942814995008
2021-08-27,2669.0,2677.949951171875,2580.558837890625,2243.901970214844,2363.105036051878,2424.9137967036704,83.50355541400623,37.35450453928964
2021-08-30,2691.60009765625,2687.699951171875,2589.954345703125,2246.834273071289,2372.00108741075,2440.631944227428,84.06454150330929,40.12028418936137
2021-08-31,2687.89990234375,2724.10009765625,2625.0302734375,2249.758265991211,2381.92380058827,2458.1936898664826,85.98120556318256,42.865259830264094
2021-09-01,2745.0,2732.89990234375,2633.510498046875,2252.7052868652345,2391.7899455866464,2474.8905287408056,86.40688559637096,45.59275695918283
2021-09-02,2748.0,2801.050048828125,2699.181884765625,2256.006737060547,2403.8445314368028,2496.251610266979,89.15359111269979,48.26721552141964
2021-09-03,2802.199951171875,2766.699951171875,2666.081298828125,2258.8511267089843,2414.1283262364627,2512.4258663204214,80.34153176718884,50.75064132921096
2021-09-06,2790.0,2780.60009765625,2679.4755859375,2261.794775390625,2424.5341011266996,2528.3353634268096,81.15331871438062,53.12137795208794
2021-09-07,2788.60009765625,2777.699951171875,2676.680908203125,2264.713210449219,2434.4222112081284,2542.4635105483635,80.40724049598971,55.080915985756114
2021-09-08,2788.89990234375,2800.89990234375,2699.037109375,2267.791739501953,2444.7992660382015,2557.375281865186,81.84511976455255,56.66837368181382
2021-09-09,2782.0,2810.64990234375,2708.4326171875,2271.134896850586,2455.13782882837,2571.7616947530255,82.42874820755046,58.22548462045722
2021-09-13,2797.5,2786.35009765625,2685.016357421875,2274.3674310302736,2464.152673086939,2582.5478531024396,75.88147064546466,59.32064051157117
2021-09-14,2802.0,2762.550048828125,2662.082275390625,2277.535523071289,2471.9146182753193,2590.1225599870286,70.0156884969217,59.19649205912352
2021-09-15,2774.0,2775.449951171875,2674.51318359375,2280.7220013427736,2479.859660052513,2598.1597622352874,71.3102512755045,58.98880327909762
2021-09-16,2752.0,2768.25,2667.574951171875,2283.7400860595703,2487.221044017978,2604.7707326102004,69.50646570340211,58.95696237277184
2021-09-17,2770.10009765625,2722.25,2623.247802734375,2286.6393798828126,2492.5554267127386,2606.5304535744076,59.20302101726698,56.74068405253854
2021-09-20,2720.0,2800.35009765625,2698.507568359375,2289.8271948242186,2500.6319812871166,2615.2901787920237,67.90270414194939,55.15925210238784
2021-09-21,2810.0,2812.449951171875,2710.167236328125,2293.149848022461,2508.849050112254,2624.3260890335573,69.00543365733441,54.446050575318445
2021-09-22,2827.89990234375,2784.5,2683.23388671875,2296.3624670410154,2515.6876711556465,2629.936355479766,63.57221981373647,53.02988043107974
2021-09-23,2799.0,2782.300048828125,2681.11376953125,2299.53458984375,2522.17496913116,2634.8103949132405,63.150711698820174,51.67679421605933
2021-09-24,2770.10009765625,2746.64990234375,2646.76025390625,2302.5901953125,2527.0606665733203,2635.9484767220983,56.60185844211591,49.14441511823062
2021-09-27,2765.0,2709.5,2610.961181640625,2305.1967724609376,2530.3508828504696,2633.5687343333866,50.701321225147886,46.08581292545326
2021-09-28,2725.0,2723.85009765625,2624.789794921875,2307.528317871094,2534.054369598368,2632.7326448656236,52.7503633157192,43.24568231787429
2021-09-29,2714.949951171875,2685.300048828125,2587.641357421875,2309.655703125,2536.155820101251,2628.4382365376473,47.0882942641692,40.52364648173665
2021-09-30,2685.300048828125,2701.800048828125,2603.54150390625,2311.7085595703124,2538.798395936741,2626.067119144181,49.5827407789773,37.9960417767517
2021-10-01,2706.0,2704.050048828125,2605.70947265625,2313.49361328125,2541.422359729663,2624.12829566914,49.92935168578592,35.46253393271266
2021-10-04,2700.0,2686.199951171875,2588.5087890625,2315.0764233398436,2543.2688863701665,2620.7359617066027,47.15918046201871,33.08366944763069
2021-10-05,2686.199951171875,2708.64990234375,2610.142333984375,2316.786536865234,2545.8913745119003,2619.7270447806764,50.85251503264081,30.87472385434029
2021-10-06,2694.050048828125,2686.050048828125,2588.364013671875,2318.630283203125,2547.5569682044484,2616.7400894369807,47.2705515745988,29.36593615712718
2021-10-07,2698.0,2669.39990234375,2572.319580078125,2320.279481201172,2548.5280510230236,2612.5095647361372,44.76866536103475,27.635438728738023
2021-10-08,2670.5,2640.050048828125,2544.037109375,2321.9243151855467,2548.3519356642773,2605.988378511267,40.68124966249625,26.460222471192896
2021-10-11,2642.199951171875,2645.10009765625,2548.903564453125,2323.50666015625,2548.373568165801,2600.551729553349,41.6681213308357,25.36895023204385
2021-10-12,2625.0,2676.14990234375,2578.823974609375,2325.3701550292967,2549.5677017518237,2598.482419558685,47.456142951959926,23.63368797456855
2021-10-13,2688.10009765625,2646.75,2550.49365234375,2327.067843017578,2549.6040135397425,2593.91206077631,43.095734949775796,22.038626264178625
2021-10-14,2646.75,2649.550048828125,2553.19189453125,2328.4951159667967,2549.744714755096,2590.033949705352,43.627010528982055,21.048135752861903
2021-10-18,2672.800048828125,2654.0,2557.479736328125,2329.7912329101564,2550.0480489344304,2586.93354843133,44.513562872788484,20.05506549841864
2021-10-19,2669.89990234375,2546.800048828125,2454.178466796875,2330.6347045898438,2546.288457478056,2574.2902073232867,31.6142244413721,21.57453376132751
2021-10-20,2569.0,2478.64990234375,2388.507080078125,2331.1718225097657,2540.1009524819806,2556.596576157081,26.380475246075264,23.573974378670293
2021-10-21,2503.39990234375,2445.75,2356.80322265625,2331.443748779297,2532.912806214305,2537.5686377284305,24.289851684849275,25.833060989891028
2021-10-22,2459.0,2454.10009765625,2364.849609375,2331.809482421875,2526.3220926127633,2521.1192064566753,25.8949965573812,27.93078427173885
2021-10-25,2454.10009765625,2455.85009765625,2366.5361328125,2332.2211987304686,2520.0559765421644,2506.3970089667537,26.24794431867289,30.0646318521347
2021-10-26,2468.89990234375,2436.85009765625,2362.658203125,2332.427209472656,2513.8835148395306,2492.7075988865868,25.94198872414245,31.86046815499938
2021-10-27,2455.0,2396.60009765625,2323.63330078125,2332.3230493164065,2506.4227221313627,2476.6052847813166,23.032416238677836,33.780981675284
2021-10-28,2400.0,2389.64990234375,2316.89501953125,2332.3442517089843,2498.990263205868,2461.3947833289294,22.561879877005858,35.77269190349453
2021-10-29,2400.0,2393.14990234375,2320.288330078125,2332.614182128906,2491.982344259682,2447.95607349552,23.41043961659806,37.62213711540431
2021-11-01,2393.0,2407.10009765625,2333.81396484375,2332.844830322266,2485.7796627139596,2437.085396481066,26.85119341827403,38.986508361889705
2021-11-02,2415.0,2418.89990234375,2345.254150390625,2332.9513806152345,2480.268858309123,2428.3395635200714,29.726827853133614,39.58750784667988
2021-11-03,2434.0,2411.35009765625,2337.9345703125,2333.2758203125,2474.6871215249416,2419.7295641669693,28.94284699186368,40.35553944165793
2021-11-04,2429.0,2422.85009765625,2349.084228515625,2333.67298828125,2469.7615178775172,2413.0014369620794,31.889513233756112,41.0687116369947
2021-11-08,2449.0,2431.89990234375,2357.8583984375,2333.988698730469,2465.3731602524185,2407.7497190073577,34.20192670877451,41.99864203689775
2021-11-09,2439.800048828125,2431.14990234375,2357.13134765625,2334.5275134277344,2461.128383287863,2402.9289217358237,34.098619247543496,42.86214883680772
2021-11-10,2411.050048828125,2400.14990234375,2327.074951171875,2335.004781494141,2455.8713859499812,2395.7047340630666,30.05676866525263,43.93460563000469
2021-11-11,2402.699951171875,2376.199951171875,2303.854248046875,2335.219810791016,2449.9099295616243,2386.957068728191,27.3586487744291,45.2754363095281
2021-11-12,2388.0,2404.949951171875,2331.72900390625,2335.608653564453,2445.275383457492,2381.6972530308635,34.912009222824146,46.208844514418104
2021-11-15,2404.10009765625,2424.75,2350.92626953125,2336.0375146484375,2441.5754182054825,2378.766683173758,39.57222359104692,46.32364991014707
2021-11-16,2434.64990234375,2406.64990234375,2333.37744140625,2336.179158935547,2437.332360291787,2374.443898243519,36.96662079586523,46.220186971088445
2021-11-17,2404.0,2391.14990234375,2318.349365234375,2336.2922998046874,2432.6663604856144,2369.101561766458,34.85037934116229,46.34503835621931
2021-11-18,2390.0,2399.39990234375,2326.347900390625,2336.485137939453,2428.4970091093405,2365.0297844925694,36.920222191420955,46.73806904657017
2021-11-22,2409.39990234375,2388.550048828125,2315.828369140625,2337.060203857422,2424.0786310713515,2360.343935411432,35.330413678274084,46.92622121282303
2021-11-23,2387.800048828125,2394.199951171875,2321.306396484375,2337.8372583007813,2420.0483473620584,2356.6260745612362,36.855274077002,47.70622289644104
2021-11-24,2406.0,2374.75,2302.448486328125,2338.593211669922,2415.4365881058256,2351.4663042533207,33.89256824695312,48.138309905667924
2021-11-25,2387.0,2349.050048828125,2277.53125,2339.3114013671875,2410.0285356310874,2344.4248705149093,30.413619810094055,48.895927408527676
2021-11-26,2344.0,2335.10009765625,2264.005859375,2339.9504833984374,2404.3021561700643,2336.765917073013,28.69199359603754,49.793779587927084
2021-11-29,2334.39990234375,2329.39990234375,2258.479248046875,2340.5009423828124,2398.5836107534687,2329.3100438324286,27.9946613288958,51.05143028195455
2021-11-30,2322.0,2317.550048828125,2246.990234375,2340.8793884277343,2392.638772464117,2321.4700619793402,26.550044100992864,51.36652826528871
2021-12-01,2340.0,2344.85009765625,2273.458740234375,2341.547557373047,2387.9650457100097,2316.8975551464864,34.886474788646325,51.65911924981328
2021-12-02,2357.0,2383.300048828125,2310.738037109375,2342.499705810547,2384.9365355688087,2316.3109343810474,44.44957975618925,50.58553932356197
2021-12-03,2383.300048828125,2343.64990234375,2272.295166015625,2343.1675573730467,2380.5192269588797,2312.1189564414835,38.21639231343101,49.718956357298346
2021-12-06,2344.0,2306.5,2236.276611328125,2343.523768310547,2374.8626537968894,2304.8958759544967,33.47927899084498,49.524322970308766
2021-12-07,2327.89990234375,2321.60009765625,2250.9169921875,2344.055787353516,2370.002039616129,2299.7550298814494,36.90288938285505,49.34359196810415
2021-12-08,2318.25,2340.60009765625,2269.338134765625,2344.8059606933593,2366.0544355043444,2296.8581827275616,41.016354966561366,49.04909274122805
2021-12-09,2341.0,2339.75,2268.51416015625,2345.64337890625,2362.2293266671645,2294.158752006484,40.887951809912835,48.57964251012459
2021-12-10,2347.0,2332.800048828125,2261.77587890625,2346.6011376953124,2358.2899757745795,2291.0746688540808,39.79091167726537,48.17471432835311
2021-12-13,2352.0,2304.35009765625,2234.19189453125,2347.5025354003906,2353.423384353273,2285.657261775716,35.58217115679791,48.16794626125976
2021-12-14,2305.0,2318.300048828125,2247.717041015625,2348.307720947266,2349.278037555718,2282.0439074176124,38.989711474265896,48.1616616275302
2021-12-15,2316.0,2320.949951171875,2250.286376953125,2349.190330810547,2345.3960116497337,2279.019380706709,39.64288264377801,48.22620560596814
2021-12-16,2320.949951171875,2309.5,2239.185302734375,2349.9617077636717,2341.230885809916,2275.2256589950584,37.76181015866117,48.25514302770397
2021-12-17,2303.0,2230.25,2162.347900390625,2350.350810546875,2334.2158667738654,2264.475396270827,27.895297911442757,49.486601372665
2021-12-20,2226.0,2269.10009765625,2200.01513671875,2351.0026342773435,2328.953093046214,2258.336323932534,36.635697350237585,50.87974740216537
2021-12-21,2290.0,2272.85009765625,2203.651123046875,2351.8221240234375,2324.039290301142,2253.128209562471,37.42422530880522,50.837448184478255
2021-12-22,2300.0,2277.64990234375,2208.304931640625,2352.6105908203126,2319.50068800073,2248.8593259508666,38.4794945771716,50.173354582821375
2021-12-23,2298.949951171875,2300.64990234375,2230.6044921875,2353.345281982422,2316.0145626747208,2247.1207703543555,43.40454918529703,49.556696238425694
2021-12-24,2310.0,2296.949951171875,2227.017333984375,2353.987655029297,2312.5244752750996,2245.2061573667384,42.81082645384101,48.62583711488757
2021-12-27,2296.949951171875,2301.39990234375,2231.331787109375,2354.6353369140625,2309.3404482882083,2243.884788770799,43.806449200099685,47.868118059241716
2021-12-28,2310.0,2309.10009765625,2238.797607421875,2355.30025390625,2306.5740623718816,2243.4002953089966,45.57223473275195,46.6802024715587
2021-12-29,2314.89990234375,2306.85009765625,2236.615966796875,2356.0812658691407,2303.83060764345,2242.7541687840326,45.12599459781577,45.41389893663192
2021-12-30,2308.0,2325.60009765625,2254.795166015625,2356.8386083984374,2301.9076491482415,2243.9009304251367,49.55834278280029,43.847327571833986
2021-12-31,2340.0,2360.14990234375,2288.29296875,2357.6230419921876,2301.373740113016,2248.1287435989334,56.526501771269764,40.76574217590733
2022-01-03,2378.0,2361.300048828125,2289.408203125,2358.523552246094,2300.9045033683883,2252.060120696654,56.74076225310047,38.064604553217485
2022-01-04,2368.949951171875,2401.25,2328.141845703125,2359.5885510253906,2301.972634440339,2259.3059992686985,63.47403313173503,36.480396973883124
2022-01-05,2403.800048828125,2415.800048828125,2342.248779296875,2360.5652709960937,2303.5520911013796,2267.2053116523343,65.5755970575607,35.331995660856634
2022-01-06,2398.0,2391.39990234375,2318.591552734375,2361.508614501953,2304.1418739105166,2272.0992393744336,59.40303571975457,33.35724703840503
2022-01-07,2388.0,2416.14990234375,2342.587890625,2362.625036621094,2305.6495608404966,2278.81244425544,63.18813127889402,31.815586399584543
2022-01-10,2425.0,2407.050048828125,2333.76513671875,2363.2340576171873,2306.7521324435656,2284.04603401385,60.93846209780729,30.476781070309773
2022-01-11,2417.14990234375,2403.64990234375,2330.468505859375,2363.629753417969,2307.682186303009,2288.467221808662,60.07777005311304,28.840807649074357
2022-01-12,2407.199951171875,2413.14990234375,2339.679443359375,2364.147562255859,2308.9369806973764,2293.3445762420633,61.70524313710209,27.321689472212903
2022-01-13,2418.0,2414.199951171875,2340.697265625,2364.759910888672,2310.182482067087,2297.8543561832953,61.89012289606568,26.12370123870792
2022-01-14,2420.0,2363.699951171875,2291.73486328125,2365.5175463867185,2309.45904603627,2297.2715473354815,49.50786825792648,25.081160216329327
2022-01-17,2364.0,2389.550048828125,2316.798095703125,2366.0137487792967,2309.7468519055587,2299.1312186085906,54.52348775680221,24.58146819645929
2022-01-18,2408.699951171875,2369.5,2297.3583984375,2366.0260009765625,2309.261030200929,2298.9623785922963,50.3461087116847,23.54178472578945
2022-01-19,2364.0,2309.89990234375,2239.572998046875,2365.592666015625,2306.5281661948875,2293.30624711178,40.43007279805515,23.924148968325447
2022-01-20,2325.0,2261.800048828125,2192.937255859375,2365.081138916016,2302.0736206915344,2283.747295563932,34.52074837715681,25.35170801667085
2022-01-21,2264.800048828125,2325.39990234375,2254.60107421875,2365.001826171875,2300.2119522024054,2280.971464959629,45.80104301173626,26.356130786849118
2022-01-24,2338.89990234375,2284.60009765625,2215.04345703125,2364.5568212890626,2296.8720112153014,2274.6926070616882,40.92979041808357,26.900934366501414
2022-01-25,2283.5,2327.25,2256.394775390625,2364.333162841797,2295.2846686339417,2272.9499564263488,47.24610475320627,27.843665444973436
2022-01-27,2310.0,2295.35009765625,2225.46630859375,2363.932619628906,2292.5466937304045,2268.4277042518156,43.49953714897284,28.719058589268887
2022-01-28,2294.60009765625,2283.550048828125,2214.025146484375,2363.1586767578124,2289.4674173678154,2263.246508273964,42.16742414329832,29.531923651828947
2022-01-31,2290.0,2273.75,2204.523681640625,2362.404197998047,2286.1362904765533,2257.653858118408,41.04332635482142,30.417859629441455
2022-02-01,2303.300048828125,2305.64990234375,2235.452392578125,2361.8407177734375,2284.1486866373994,2255.5394328288576,46.08200533350536,30.86790787192735
2022-02-02,2324.10009765625,2327.89990234375,2257.02490234375,2361.355202636719,2283.085008821962,2255.68090611599,49.33452107741122,30.705879388743305
2022-02-03,2329.0,2298.14990234375,2228.1806640625,2360.733837890625,2280.9318972627675,2253.061835444229,45.39171555045845,30.714631362394023
2022-02-04,2306.0,2306.60009765625,2236.373779296875,2360.259871826172,2279.1845200876346,2251.4724967635284,46.694876524786096,30.894113494194148
2022-02-07,2295.25,2257.60009765625,2188.865478515625,2359.735880126953,2275.6425968887324,2245.5099235970615,40.63887073716928,32.000694501391635
2022-02-08,2268.0,2264.35009765625,2195.40966796875,2359.474460449219,2272.4962075193216,2240.7384706800794,41.75937655318967,33.02823400807502
2022-02-09,2267.550048828125,2277.64990234375,2208.304931640625,2359.476750488281,2269.9789025829023,2237.6495622001316,44.00243281425424,33.37785799541789
2022-02-10,2280.0,2283.14990234375,2213.637451171875,2359.2526525878907,2267.769433900117,2235.362694483155,44.94667760212766,33.47685552062636
2022-02-11,2279.0,2258.0,2189.253173828125,2358.814787597656,2264.6903648776856,2230.971311563628,41.50054961402931,33.7321733005643
2022-02-14,2220.0,2228.550048828125,2160.69970703125,2358.106435546875,2260.6122998641,2224.2787777986396,37.841749729615046,34.8145721106691
2022-02-15,2247.949951171875,2290.10009765625,2220.3759765625,2357.6914404296876,2259.0344048326647,2223.9070824428168,48.13369805916952,33.19714723694594
2022-02-16,2290.10009765625,2286.5,2216.885498046875,2357.5165893554686,2257.3815065273393,2223.2383601193937,47.63686557868364,31.695252711345862
2022-02-17,2282.0,2307.550048828125,2237.29443359375,2357.1842736816407,2256.5937781770026,2224.577033783618,50.8325128174562,30.000177093276534
2022-02-18,2294.0,2312.550048828125,2242.142333984375,2356.8778747558595,2256.0270548753306,2226.249919517023,51.58830347016738,27.958120705716357
2022-02-21,2298.0,2294.800048828125,2224.932861328125,2356.5476123046874,2254.8076747362243,2226.1244854037946,48.724959339943204,26.33831444831967
2022-02-22,2280.0,2269.949951171875,2200.83935546875,2356.1191271972657,2252.6912700590683,2223.716377790933,44.96235564945284,25.75900041303752
2022-02-23,2270.0,2260.39990234375,2191.579833984375,2355.5429333496095,2250.2947431541784,2220.655754571261,43.569852116647155,25.221065951704094
2022-02-24,2200.0,2171.39990234375,2105.289794921875,2354.431486816406,2244.608274596049,2209.668520318938,33.2387121961774,26.451106500708125
2022-02-25,2195.0,2170.699951171875,2104.611083984375,2353.4639794921877,2239.118188689709,2199.6630501918366,33.17208618575524,27.593287010497583
2022-02-28,2164.0,2172.10009765625,2105.968505859375,2352.8531750488282,2233.896632500284,2190.739760255412,33.459363445511656,29.213072399803256
2022-03-02,2128.949951171875,2149.10009765625,2083.6689453125,2351.9017419433594,2228.0053506497825,2180.5425397846584,31.09456578741013,30.717158832729954
2022-03-03,2157.89990234375,2091.0,2027.337646484375,2350.671522216797,2220.1360289178056,2165.9515975655836,26.080109339149754,32.540194404150284
2022-03-04,2075.0,2019.5,1958.014404296875,2349.1042529296874,2209.8567495209068,2146.148055349516,21.487678286571203,35.11792422002966
2022-03-07,1979.5,1943.949951171875,1884.7646484375,2347.240096435547,2197.1080396744987,2121.254397548372,17.900792870693838,37.77302215898809
2022-03-08,1924.550048828125,1949.0,1889.660888671875,2345.4750451660157,2185.051288654788,2099.1978728934673,18.875604505282837,40.36151679323528
2022-03-09,1964.0,1997.9000244140625,1937.0721435546875,2343.8604669189453,2175.3266162979216,2083.757327242155,27.8136074843668,41.34464577511481
2022-03-10,2051.89990234375,2101.949951171875,2037.9541015625,2342.8732342529297,2169.939458857317,2079.395115272664,42.36466558043452,39.92831593932112
2022-03-11,2100.0,2094.39990234375,2030.634033203125,2341.8135260009767,2164.476500988525,2074.751202694613,41.707701224688584,38.613152520369844
2022-03-14,2095.0,2059.300048828125,1996.602783203125,2340.5360650634766,2157.8932179381172,2067.308496076376,38.70281503927578,37.683351862118506
2022-03-15,2045.0,2038.199951171875,1976.1451416015625,2339.2883435058593,2150.765842395507,2058.6262718406792,36.97809482694463,37.070262752028306
2022-03-16,2060.0,2072.14990234375,2009.0614013671875,2338.2276849365235,2145.2088054924357,2053.905807986061,41.49565376810954,36.50096572123026
2022-03-17,2098.10009765625,2102.050048828125,2038.0511474609373,2337.2241955566406,2141.006544393161,2052.395840317002,45.22002323342181,35.17227134959353
2022-03-21,2106.5,2051.199951171875,1988.7493896484373,2335.886898803711,2135.035675579643,2046.3342735866622,40.49826525251598,34.43522427590384
2022-03-22,2053.75,1993.5,1932.8060302734373,2334.267493896484,2127.1051012539097,2035.5220599377835,35.91551807338696,34.62005461476574
2022-03-23,2012.0,1978.550048828125,1918.311279296875,2332.554327392578,2118.9171082359867,2024.3591284481731,34.81621379410887,34.79168278656608
2022-03-24,1970.0,1965.9000244140625,1906.0465087890625,2330.8812493896485,2110.5692415910094,2013.0912599092103,33.8714930004893,35.198839874776304
2022-03-25,1974.9000244140625,1953.0,1893.5391845703125,2329.1587878417968,2102.0582589627465,2001.7053479721726,32.891341551189754,35.64286821069554
2022-03-28,1959.949951171875,1975.0999755859373,1914.96630859375,2327.449227294922,2094.72131973259,1993.4444870789894,36.29254983665531,36.20079292146297
2022-03-29,1980.0,1987.050048828125,1926.5526123046875,2325.811947631836,2088.1264684609077,1987.0738323385797,38.11887695010921,36.339648092354345
2022-03-30,2000.0,2015.9000244140625,1954.5240478515625,2324.205460205078,2082.8871578487765,1983.9738528636258,42.41109425068543,35.83593726770207
2022-03-31,2019.4000244140625,2048.64990234375,1986.2769775390625,2322.816576538086,2079.098523326827,1984.1931980708102,46.912704053129325,34.52816422218587
2022-04-01,2054.89990234375,2078.14990234375,2014.878662109375,2321.497944946289,2076.5800973967307,1987.1156232173403,50.65441166205791,32.626698407609545
2022-04-04,2078.0,2128.449951171875,2063.6474609375,2320.2913836669923,2076.072935182643,1994.4043696668793,56.30906183592196,30.61185989251524
2022-04-05,2144.5,2139.800048828125,2074.65185546875,2319.062994995117,2076.017206566412,2002.0469873622956,57.49272849998482,29.1723374247401
2022-04-06,2135.0,2142.050048828125,2076.83349609375,2317.798295288086,2076.0492179204252,2009.1695120033864,57.737183108794135,27.942828807788146
2022-04-07,2139.949951171875,2164.800048828125,2098.890869140625,2316.3297381591797,2076.9449689486682,2017.7144031593139,60.22760002965944,26.98367719219471
2022-04-08,2177.699951171875,2183.050048828125,2116.585205078125,2314.798119506836,2078.4994880125687,2027.1306700087246,62.15422077895241,26.4089226821352
2022-04-11,2188.0,2163.050048828125,2097.194091796875,2313.2856634521486,2079.2326097296004,2033.8033768456912,58.793028001851596,25.289260967109225
2022-04-12,2140.89990234375,2132.25,2067.331787109375,2311.6708758544924,2078.765910803317,2036.9965587755657,53.954065747147894,23.930982681578605
2022-04-13,2137.699951171875,2152.14990234375,2086.625732421875,2310.1060614013672,2079.0741391020842,2041.723146741881,56.44817334635284,22.66972427358589
2022-04-18,2148.0,2177.64990234375,2111.349365234375,2308.864818725586,2080.339834244527,2048.3542151697375,59.47717516425423,21.878444609560297
2022-04-19,2185.699951171875,2113.050048828125,2048.71630859375,2307.254760131836,2079.099695983712,2048.3887002577385,49.99155353138381,20.316695626482957
2022-04-20,2114.39990234375,2164.949951171875,2099.0361328125,2305.740433959961,2079.8815170358216,2053.212265262954,56.05531379950989,19.057690306324663
2022-04-21,2185.0,2197.949951171875,2131.03125,2304.4884686279297,2081.88738891677,2060.6235971426727,59.424262194455835,18.297070070094176
2022-04-22,2182.0,2126.949951171875,2062.193359375,2302.860032348633,2081.115074032779,2060.7730983076563,50.460890022011384,17.45285423891439
2022-04-25,2100.0,2100.75,2036.790771484375,2301.0597760009764,2079.3768660897044,2058.4890671816297,47.607146897876085,17.89550550555692
2022-04-26,2142.199951171875,2148.35009765625,2082.941650390625,2299.433657836914,2079.5166615524854,2060.8178846301053,52.82680395697385,18.306538824582123
2022-04-27,2147.800048828125,2145.10009765625,2079.790283203125,2297.9197064208984,2079.527391813295,2062.6247797322976,52.442603496645454,18.95309191534139
2022-04-28,2230.0,2241.85009765625,2173.594970703125,2296.830693969727,2083.216316475641,2073.193369348567,61.433852377938834,17.69958420551467
2022-04-29,2244.39990234375,2234.85009765625,2166.807861328125,2295.872044067383,2086.494416273778,2082.109035251382,60.54197829034077,17.17395993234886
2022-05-02,2220.0,2230.5,2162.590576171875,2294.8735162353514,2089.4785794070367,2089.7739439104766,59.95949088992416,16.378143443488042
2022-05-04,2241.949951171875,2171.550048828125,2105.435302734375,2293.6243853759765,2090.104333263011,2091.2655018937053,52.576540397632755,15.734085103430912
2022-05-05,2178.0,2166.60009765625,2100.635986328125,2292.387152709961,2090.5173392655647,2092.1579289826977,51.99756147219523,15.136030930520718
2022-05-06,2125.0,2149.199951171875,2083.765380859375,2291.170842895508,2090.252556582969,2091.3586386852385,49.9166566833629,15.296483501135148
2022-05-09,2121.5,2116.64990234375,2052.206787109375,2289.808786010742,2088.7605656232204,2087.6298909161087,46.19262369020788,15.445475173848548
2022-05-10,2134.0,2180.39990234375,2114.015380859375,2288.731441040039,2089.750950534442,2090.142794720229,53.50837101508197,14.459682170138066
2022-05-11,2185.0,2163.5,2097.63037109375,2287.614330444336,2090.059947419121,2090.855897231993,51.50904815871552,13.595940292340105
2022-05-12,2164.85009765625,2138.800048828125,2073.6826171875,2286.2510052490234,2089.4176991747436,2089.220346751565,48.64797642629309,12.91681140192134
2022-05-13,2170.0,2194.10009765625,2127.298828125,2285.4291900634767,2090.903233643381,2092.8468687871305,54.71302828665395,12.662711252741541
2022-05-16,2200.0,2217.25,2149.743408203125,2284.8161993408203,2093.2106914692536,2098.265586826749,57.00242456520256,12.49301981457616
2022-05-17,2237.89990234375,2245.0,2176.64892578125,2284.3830291748045,2096.482779089332,2105.730666727178,59.63663010830812,13.188686451077213
2022-05-18,2236.10009765625,2291.39990234375,2221.63623046875,2284.205149536133,2101.3907575747994,2116.7692918454227,63.64695695415842,14.174274028507645
2022-05-19,2245.60009765625,2264.550048828125,2195.60400390625,2283.805564575195,2105.085394685837,2124.2773596607394,59.93599826826181,15.089462493264474
2022-05-20,2290.0,2325.949951171875,2255.134033203125,2283.8320330810548,2110.9696550198482,2136.7398999981096,64.96640037402676,16.742619981608286
2022-05-23,2309.0,2379.800048828125,2307.344970703125,2284.1265435791015,2118.6706477917414,2152.988001970016,68.68065081259286,18.690974931139994
2022-05-24,2380.0,2309.64990234375,2239.330322265625,2284.0833892822266,2123.4023997318936,2161.211080093407,59.788091673430486,20.389797547735384
2022-05-25,2329.949951171875,2298.699951171875,2228.714111328125,2283.726731567383,2127.5322707748833,2167.639940210999,58.51456482641576,21.559134772568964
2022-05-26,2290.14990234375,2280.199951171875,2210.77734375,2283.327367553711,2130.796783440574,2171.7482643575704,56.33131890506304,21.928398376313783
2022-05-27,2297.0,2330.60009765625,2259.642822265625,2283.265805053711,2135.8495692768506,2180.119174634528,60.63992913561999,22.78066088484066
2022-05-30,2342.199951171875,2348.949951171875,2277.43408203125,2283.2267059326173,2141.4019031103567,2189.3872610532635,62.10590851145498,23.926456801425015
2022-05-31,2360.0,2353.25,2281.603271484375,2283.145816040039,2146.899995987769,2198.169738237179,62.45877469899601,24.318063346218572
2022-06-01,2370.0,2308.449951171875,2238.167236328125,2282.860756225586,2150.4791034520968,2201.97902376965,56.5505302415408,25.23667045213665
2022-06-02,2295.0,2284.800048828125,2215.2373046875,2282.419370727539,2153.0186407554456,2203.2417171903976,53.6645726887215,25.07259974515056
2022-06-03,2284.0,2291.949951171875,2222.16943359375,2282.0037310791017,2155.7304365530263,2205.0443568478595,54.42185610494285,25.156582846937027
2022-06-06,2272.199951171875,2280.5,2211.068359375,2281.473805541992,2157.900551173496,2205.6180713742538,52.92998900309615,24.845561530264167
2022-06-07,2250.0,2211.60009765625,2144.265625,2280.504348754883,2157.3658481863004,2199.774981243372,44.945347113580006,23.720329051246832
2022-06-08,2215.0,2197.050048828125,2130.158935546875,2279.1877947998046,2156.298910435735,2193.1448816532297,43.45459678640239,22.274904302437385
2022-06-09,2197.0,2197.699951171875,2130.7890625,2277.863550415039,2155.298524242177,2187.206232210065,43.54467354126049,20.71997738623298
2022-06-10,2163.0,2199.89990234375,2132.921875,2275.9074688720702,2154.421008585621,2182.0362934281543,43.87059665169639,19.42670079072696
2022-06-13,2168.0,2196.89990234375,2130.013427734375,2273.865776977539,2153.463848552239,2177.0817347906514,43.50178005053482,18.05826080296041
2022-06-14,2190.85009765625,2171.0,2104.90185546875,2271.7040679931642,2151.5594566666123,2170.207460569518,40.34783211253162,16.78756652860576
2022-06-15,2158.699951171875,2146.550048828125,2099.5712890625,2269.4578875732423,2149.5207049958626,2163.480206140278,39.690003491215705,16.221695795176224
2022-06-16,2145.0,2146.699951171875,2099.7177734375,2267.1093328857423,2147.567648856319,2157.407593501918,39.719088888192275,15.571333467807731
2022-06-17,2160.0,2110.449951171875,2064.26123046875,2264.527844848633,2144.3007304881794,2148.536511308283,35.2835377879925,15.67237402156646
2022-06-20,2111.0,2195.89990234375,2147.84130859375,2262.317279663086,2144.439576688398,2148.4703015259465,49.577785183014335,14.748052592094409
2022-06-21,2195.0,2205.0,2156.741943359375,2259.9758380126955,2144.922022440201,2149.258076938654,50.82346755709229,14.104418559304646
2022-06-22,2189.199951171875,2202.85009765625,2154.63916015625,2257.5814813232423,2145.30308666436,2149.7705610546154,50.50600927805523,13.506758385999868
2022-06-23,2208.0,2252.60009765625,2203.30029296875,2255.1020733642576,2147.5774869115908,2154.8686307607236,57.17276843032079,13.60047830621538
2022-06-24,2265.0,2303.89990234375,2253.477294921875,2253.0390533447267,2151.730420559053,2164.2599321094044,62.7452777164465,14.686639921069846
2022-06-27,2315.85009765625,2320.64990234375,2269.86083984375,2250.990979614258,2156.362986021198,2174.317161417437,64.37521502823392,15.879288751944653
2022-06-28,2320.64990234375,2317.64990234375,2266.926513671875,2248.9422076416017,2160.6988106349504,2183.1370997273834,63.83651876755485,16.452719888092165
2022-06-29,2296.199951171875,2233.449951171875,2184.5693359375,2246.369868774414,2161.634909666423,2183.2735031759657,50.949725336268415,15.7622204499458
2022-06-30,2224.89990234375,2230.60009765625,2181.78173828125,2243.7366143798827,2162.4249813768083,2183.13143032885,50.57755069001899,14.879788333360086
2022-07-01,2226.0,2282.35009765625,2232.3994140625,2241.473529663086,2165.169076776247,2187.8236192558643,56.7548561301834,14.849803876709743
2022-07-04,2276.0,2375.199951171875,2323.217041015625,2239.779203491211,2171.3670361581835,2200.718230852032,65.1671814914609,16.000077287657717
2022-07-05,2384.5,2401.5,2348.94140625,2238.1513446044924,2178.330736946098,2214.834723747076,67.11833617528903,17.44211128608921
2022-07-06,2400.0,2498.39990234375,2443.720703125,2237.032073364258,2188.738186600173,2236.6333884497353,73.09759878446155,19.649217954808073
2022-07-07,2505.0,2472.949951171875,2418.827880859375,2236.0099737548826,2197.76131186524,2253.985244869701,69.5219008765428,21.861816870974486
2022-07-08,2476.449951171875,2496.85009765625,2442.204833984375,2234.728460083008,2207.3473323405,2271.91092002348,70.95862484706285,23.62727776584915
2022-07-11,2487.0,2490.60009765625,2436.091552734375,2233.358081665039,2216.3176939245736,2287.547170757851,70.028943349292,25.442463161763097
2022-07-12,2475.0,2449.550048828125,2395.93994140625,2231.9216119384764,2223.3617036297373,2297.870291771984,64.08970749015177,26.310185333369393
2022-07-13,2464.0,2497.75,2443.0849609375,2230.7314678955076,2231.978301955532,2311.7002602639377,67.56784198011223,27.395474568516438
2022-07-14,2502.75,2497.800048828125,2443.134033203125,2229.7133367919923,2240.2589188672027,2324.217762448622,67.57136277803554,28.43779523903035
2022-07-15,2530.0,2568.5,2512.286376953125,2229.2199627685545,2250.9266623215526,2342.1290590680983,72.1582427205771,29.87569918380967
2022-07-18,2581.0,2553.5,2497.614990234375,2228.5840887451172,2260.6007143965653,2356.937242988696,69.89927366566111,31.465586992112605
2022-07-19,2549.949951171875,2567.949951171875,2511.74853515625,2228.204624633789,2270.4496485440036,2371.6811755760823,70.84613227997112,32.679691823880596
2022-07-20,2575.0,2604.5,2547.4990234375,2227.9244122314453,2281.3143299123763,2388.4257325152653,73.1471214008629,34.16735484054005
2022-07-21,2617.0,2607.449951171875,2550.38427734375,2227.6477862548827,2291.8660925567438,2403.8503558322636,73.33006912854297,35.64287634451274
2022-07-22,2617.0,2640.60009765625,2582.808837890625,2227.6192864990235,2303.2756119816017,2420.894020790203,75.36159996115637,37.119447848941356
2022-07-25,2645.5,2623.60009765625,2566.1806640625,2227.399478149414,2313.58561402399,2434.730843958993,72.31924050348199,38.578040498471644
2022-07-26,2625.0,2547.10009765625,2491.35498046875,2226.9144329833985,2320.556961727706,2440.123618864684,60.485945095249726,38.00557816801278
2022-07-27,2535.35009765625,2581.949951171875,2525.442138671875,2226.680045776367,2328.5916745490463,2448.2491921796545,63.42220289191184,37.178796786029594
2022-07-28,2625.0,2620.10009765625,2562.75732421875,2226.773646850586,2337.7746412027604,2459.1547285643305,66.36844869479172,36.84398009213238
2022-07-29,2640.0,2637.39990234375,2579.6787109375,2226.927522583008,2347.2610753100053,2470.633203076061,67.64129958393193,36.76894943758139
2022-08-01,2637.5,2593.0,2536.25048828125,2226.714655151367,2354.6724248382893,2476.882468333698,61.23574916788317,36.307047726991534
2022-08-02,2600.0,2635.25,2577.57568359375,2226.850065307617,2363.4137291032093,2486.4722983584647,64.66484090760909,35.893001017180204
2022-08-03,2615.25,2626.35009765625,2568.87060546875,2226.9284588623045,2371.470861509701,2494.319756178492,63.392716707032505,35.8452149037457
2022-08-04,2634.0,2627.949951171875,2570.435546875,2226.993237915039,2379.273398190693,2501.568879101969,63.53161213751003,35.80084208412795
2022-08-05,2638.0,2645.39990234375,2587.50341796875,2227.6598626708983,2387.4392813192444,2509.753120898805,65.08746251293577,35.95830231870624
2022-08-08,2645.39990234375,2650.35009765625,2592.34521484375,2228.6790533447265,2395.4748081241273,2517.6190346078474,65.53664285296803,36.05660025709657
2022-08-10,2650.35009765625,2642.800048828125,2584.96044921875,2229.819839477539,2402.9056175788182,2524.0325026660284,64.18034153930813,36.422087665652406
2022-08-11,2656.050048828125,2613.699951171875,2556.4970703125,2230.7780767822264,2408.9288118036684,2527.124366251407,59.103220050964936,35.956200607656854
2022-08-12,2624.89990234375,2594.949951171875,2538.157470703125,2231.6361834716795,2413.996602348745,2528.1751381039517,56.027781613513426,34.874939112377426
2022-08-16,2607.949951171875,2644.5,2586.623046875,2232.7560076904297,2420.7662668399707,2533.7416056059565,61.6996580412977,34.27971910814893
2022-08-17,2651.0,2684.64990234375,2625.89453125,2234.2673138427735,2428.8105125031093,2542.518074714913,65.57452620175383,34.449590426285866
2022-08-18,2685.0,2682.050048828125,2623.3515625,2235.7995965576174,2436.4395732873013,2550.216502123016,65.11513296157419,34.89628799368983
2022-08-19,2689.0,2634.550048828125,2576.89111328125,2237.082610473633,2441.9474768164755,2552.756941280943,57.22694794626283,34.19479181569126
2022-08-22,2648.0,2626.699951171875,2569.212646484375,2238.259603881836,2446.938267783844,2554.3241513003177,56.019114134975844,33.367659001696985
2022-08-23,2602.050048828125,2592.75,2536.005859375,2239.2133624267576,2450.431114512909,2552.579552069335,51.00539770501978,31.6937667464472
2022-08-24,2576.0,2588.25,2531.6044921875,2240.181712036133,2453.6143842256383,2550.581927318684,50.36201109005306,29.581109683700486
2022-08-25,2601.199951171875,2574.199951171875,2517.86181640625,2241.025599975586,2456.133891369976,2547.4657262794044,48.31280101186286,28.007811408735986
2022-08-26,2599.89990234375,2571.550048828125,2515.27001953125,2241.812658081055,2458.4529552194376,2544.3994684938657,47.91680969921765,26.46166038710319
2022-08-29,2550.0,2575.800048828125,2519.427001953125,2242.624136352539,2460.844094307033,2542.0211383471283,48.64388189957395,24.722822692089164
2022-08-30,2588.699951171875,2659.85009765625,2601.637451171875,2243.996948852539,2466.36540241938,2547.6988824256755,60.413462655575444,24.329329632117403
2022-09-01,2650.0,2606.0,2548.966064453125,2245.2225079345703,2469.604644067763,2547.81956642829,52.164878346717224,23.963943219286485
2022-09-02,2615.0,2603.60009765625,2546.618408203125,2246.296954956055,2472.6247916809143,2547.705170406846,51.8252285548036,23.369844118177593
2022-09-05,2597.0,2600.60009765625,2543.68408203125,2247.2607440185548,2475.4114305181824,2547.3222096091704,51.37496863713709,22.818180667147907
2022-09-06,2591.199951171875,2573.10009765625,2516.785888671875,2248.177786254883,2477.0339582889155,2544.413988567523,47.316741953750245,21.630293839715087
2022-09-07,2571.800048828125,2564.60009765625,2508.471923828125,2249.1283990478514,2478.26681968261,2540.9909347828184,46.10447689655103,20.464159557873934
2022-09-08,2580.0,2577.14990234375,2520.7470703125,2250.100394897461,2479.9327118641745,2539.0629476904073,48.21406542561781,19.38132058187858
2022-09-09,2598.0,2588.699951171875,2532.04443359375,2251.1814752197265,2481.9763087947463,2538.39451777644,50.1480898810148,19.61213583531824
2022-09-12,2591.0,2580.39990234375,2523.926025390625,2252.194573364258,2483.6213957200753,2537.0165661206483,48.7394208061171,19.518274043134177
2022-09-13,2598.0,2586.60009765625,2529.990478515625,2253.3322833251955,2485.439791123822,2536.34741492017,49.87218318759945,19.523250589943764
2022-09-14,2550.0,2571.39990234375,2515.123046875,2254.52024230957,2486.6038403689663,2534.326046534916,47.122918947068285,18.496700400909507
2022-09-15,2580.0,2560.39990234375,2504.36376953125,2255.7220318603518,2487.3003081792517,2531.4724963440904,45.18179434832305,17.543475225377698
2022-09-16,2555.0,2528.14990234375,2472.819580078125,2256.793733520508,2486.732436489012,2525.8865043187607,39.9817824860652,16.846061421165565
2022-09-19,2531.0,2579.25,2522.80126953125,2258.172788696289,2488.146900529884,2525.5926724342357,49.833859399464984,15.779727783745358
2022-09-20,2598.60009765625,2583.550048828125,2527.00732421875,2259.440531616211,2489.6708387137614,2525.727401175618,50.56920410584209,15.619628336417474
2022-09-21,2582.0,2623.60009765625,2566.1806640625,2260.7177447509766,2492.671224021555,2529.5800928791305,56.90508082512681,16.012799951749678
2022-09-22,2623.10009765625,2692.75,2633.8173828125,2262.525355834961,2498.2063675035533,2539.5074538251656,65.19927225714468,17.33223259144155
2022-09-23,2697.89990234375,2682.050048828125,2623.3515625,2264.4607305908203,2503.1140222092963,2547.4926070322927,63.17319386304653,18.885167103540258
2022-09-26,2668.5,2660.550048828125,2602.322265625,2266.2177569580076,2507.004541558932,2552.7144792792174,59.19286445571152,19.39342385045217
2022-09-27,2676.0,2679.25,2620.612548828125,2267.9741290283205,2511.459757530273,2559.180962093399,61.466916036271904,19.865376544013227
2022-09-28,2669.949951171875,2702.10009765625,2642.962890625,2269.846372680664,2516.616743141831,2567.160193382123,64.09967445302283,20.26102929391809
2022-09-29,2711.10009765625,2700.550048828125,2641.446533203125,2271.7447259521487,2521.5120290265877,2574.2350828888852,63.78127483930874,20.971869445995846
2022-09-30,2707.0,2696.449951171875,2637.436279296875,2273.7609478759764,2526.058078056795,2580.254244451551,62.891533306035754,20.877730572233325
2022-10-03,2723.0,2622.5,2565.104736328125,2275.3478863525393,2527.5893195576314,2578.8114341540822,49.48334111796436,19.428613881512284
2022-10-04,2650.0,2667.949951171875,2609.559814453125,2277.1442535400392,2530.8038487692193,2581.7398513254193,55.73022823171564,18.083005525842747
2022-10-06,2681.300048828125,2614.0,2556.79052734375,2278.732279663086,2531.8229342035147,2579.363725231927,48.12300273826205,17.44248773159821
2022-10-07,2611.89990234375,2599.699951171875,2542.803955078125,2280.6345599365236,2532.2535624731076,2575.8818423601365,46.31831139070147,17.476808761107623
2022-10-10,2570.0,2605.60009765625,2548.57470703125,2282.377357788086,2532.8936073577406,2573.2811628050044,47.19815426053186,18.11148277544427
2022-10-11,2610.0,2550.64990234375,2494.8271484375,2283.8332379150393,2531.400805047143,2565.809351912861,40.53446926059928,18.70082293161401
2022-10-12,2563.449951171875,2591.35009765625,2534.63671875,2285.464896850586,2531.5277036237258,2562.8405297068743,46.5534449977573,19.248067362343054
2022-10-13,2583.0,2566.39990234375,2510.232421875,2286.8630364990236,2530.6925945355406,2557.8302337228865,43.63749169155517,19.667541792981176
2022-10-14,2590.0,2575.800048828125,2519.427001953125,2288.325084838867,2530.250806591132,2554.1727830781474,45.034406576607346,19.443922739920307
2022-10-17,2573.60009765625,2590.550048828125,2533.85400390625,2289.8376959228517,2530.392108446627,2552.2376612522526,47.24384373215041,19.290371757390044
2022-10-18,2620.0,2602.25,2545.2978515625,2291.370197143555,2530.976647392348,2551.5767269960857,48.99523095862127,18.10369849942381
2022-10-19,2615.300048828125,2583.0,2526.46923828125,2292.819463500977,2530.799886250736,2549.185537594673,46.27333936020109,17.504101828193786
2022-10-20,2568.14990234375,2600.89990234375,2543.977294921875,2294.265374145508,2531.316647375095,2548.689514482978,49.10472343612519,17.2125255058161
2022-10-21,2606.0,2653.89990234375,2595.8173828125,2295.8029962158203,2533.8460879804834,2553.177882895314,56.42689521620318,16.619531612085076
2022-10-24,2610.10009765625,2573.10009765625,2516.785888671875,2296.9398846435547,2533.1770605566167,2549.711978683558,45.64540794826222,16.14205326730644
2022-10-25,2586.0,2505.39990234375,2450.567626953125,2297.5520135498045,2529.9374749251074,2540.2696594711356,38.93307496881054,16.61636075809223
2022-10-27,2494.0,2519.0,2463.8701171875,2298.1601202392576,2527.346598151084,2532.9935125869797,40.81594764829168,17.252909737094424
2022-10-28,2526.10009765625,2524.25,2469.005126953125,2298.9121881103515,2525.0586973197915,2526.899380621851,41.56494684803425,17.283387758193005
2022-10-31,2545.0,2550.699951171875,2494.8759765625,2299.673628540039,2523.8750612116623,2523.8495326161988,45.319540259991406,16.77665820258913
2022-11-01,2569.0,2551.800048828125,2512.69873046875,2300.568296508789,2523.4367737315483,2522.787551459299,47.80751653762509,16.208895925394344
2022-11-02,2564.0,2518.300048828125,2479.712158203125,2301.3145147705077,2521.722082926512,2518.685133053949,43.832345241208024,16.578181214994924
2022-11-03,2515.699951171875,2546.35009765625,2507.332275390625,2302.152778930664,2521.157776748634,2517.603908514585,47.749939652779574,16.921088983909748
2022-11-04,2544.949951171875,2520.35009765625,2481.730712890625,2302.8579461669924,2519.6116173816536,2514.1874136932556,44.641800049610204,17.239503340759228
2022-11-07,2531.10009765625,2532.800048828125,2493.989990234375,2303.8692218017577,2518.6068476896035,2512.2638495543147,46.43965294708626,17.345809012343178
2022-11-09,2510.0,2508.800048828125,2470.357666015625,2304.6370196533203,2516.714722918075,2508.2727844553915,43.5063868613336,17.950388128229758
2022-11-10,2504.0,2513.60009765625,2475.084228515625,2305.5256488037107,2515.0821545101358,2505.111969603985,44.26464472239366,18.51178302155301
2022-11-11,2545.0,2503.050048828125,2464.69580078125,2306.6512628173828,2513.1062190697876,2501.2628106684865,42.90169108616586,18.71642547922101
2022-11-14,2506.800048828125,2457.800048828125,2420.13916015625,2307.7872723388673,2509.4604520535704,2493.53674871494,37.55980385940558,19.729981317555318
2022-11-15,2457.800048828125,2457.5,2419.84375,2308.6134857177735,2505.9460715808814,2486.5183678849457,37.52644160766047,20.871323962966635
2022-11-16,2463.550048828125,2477.85009765625,2439.882080078125,2309.737678833008,2503.355326816067,2482.0768166652483,41.333116971434784,22.213988877724734
2022-11-17,2479.949951171875,2460.0,2422.305419921875,2310.567232055664,2500.1768990947267,2476.384302689689,39.08352948610041,22.87840000742515
2022-11-18,2470.0,2483.699951171875,2445.64208984375,2311.668110961914,2498.0382791241,2473.4564728948376,43.481784273915295,23.603605201624354
2022-11-21,2483.699951171875,2501.39990234375,2463.071044921875,2312.9133404541017,2496.667015037738,2472.4673845164602,46.58374461942413,23.385821050272973
2022-11-22,2505.89990234375,2515.699951171875,2477.15185546875,2314.276481323242,2495.9017146624838,2472.9135246071546,49.018211410442404,22.760400300122715
2022-11-23,2521.0,2507.35009765625,2468.929931640625,2315.443869018555,2494.843997681234,2472.5341348008187,47.65253777164713,22.14369869177696
2022-11-24,2517.0,2549.14990234375,2510.089111328125,2316.7091900634764,2495.44184527523,2476.1107992319908,54.4883481816185,20.710593923230228
2022-11-25,2555.0,2537.449951171875,2498.568603515625,2318.061129760742,2495.564463245442,2478.249637735194,52.424771925160954,19.379853781008258
2022-11-28,2527.0,2525.199951171875,2486.50634765625,2319.311792602539,2495.2092430262583,2479.0359910610086,50.27776028170759,18.14416650608786
2022-11-29,2527.199951171875,2634.199951171875,2593.836181640625,2321.336646118164,2499.0769661091745,2489.9693425447817,64.29131495875247,19.308909807033608
2022-11-30,2634.0,2684.35009765625,2643.2177734375,2323.5756866455076,2504.729546788717,2504.564431201231,68.66684851310593,21.209666936433155
2022-12-01,2680.0,2662.85009765625,2622.047119140625,2325.644397583008,2509.3302359005565,2515.7532586240304,64.99014551736829,22.974655699447023
2022-12-02,2660.0,2615.10009765625,2575.029052734375,2327.45135559082,2511.906660090118,2521.398572348825,57.61211540983635,23.343406951665152
2022-12-05,2600.0,2619.85009765625,2579.7060546875,2329.403619995117,2514.5654598782503,2526.9516659048895,58.121413906163376,23.0653093145803
2022-12-06,2606.800048828125,2654.550048828125,2613.87451171875,2331.669494018555,2518.4599324994465,2535.2300321728762,61.738319636747185,23.405057658262365
2022-12-07,2660.050048828125,2707.35009765625,2665.865478515625,2333.8969415283204,2524.24054214714,2547.6715032531383,66.4819527995136,24.549769882782673
2022-12-08,2695.050048828125,2705.449951171875,2663.994384765625,2336.132485961914,2529.721084994924,2558.749872920994,66.16403023956553,25.612716948408668
2022-12-09,2724.699951171875,2722.25,2680.536865234375,2338.348698120117,2535.6354293180398,2570.348634093697,67.6375265478886,26.975867673374925
2022-12-12,2702.199951171875,2717.25,2675.613525390625,2340.5160540771485,2541.1247664189254,2580.3738618362618,66.70645690797858,27.57216091632551
2022-12-13,2717.0,2710.300048828125,2668.770263671875,2342.735241088867,2546.1304721935508,2588.792566772987,65.35968995908803,28.125861784779627
2022-12-14,2720.0,2684.64990234375,2643.512939453125,2344.948609008789,2549.94939247824,2594.004030837762,60.504345810811046,27.858842189458816
2022-12-15,2668.35009765625,2663.25,2622.44091796875,2347.102914428711,2552.7921973994366,2596.712305802618,56.718701068551304,26.988315170658968
2022-12-16,2668.0,2671.300048828125,2630.36767578125,2349.728303833008,2555.8343730222527,2599.9175791339167,57.788634505206545,26.26701936732267
2022-12-19,2671.300048828125,2718.10009765625,2676.45068359375,2352.587501831055,2560.564424417213,2607.2064462253293,63.446079592654236,26.199803981999345
2022-12-20,2706.0,2674.550048828125,2633.56787109375,2355.2254986572266,2563.427304679038,2609.7170581175596,55.93348501579393,25.622044452271165
2022-12-21,2687.949951171875,2666.199951171875,2625.345703125,2357.933882446289,2565.855477167115,2611.2055004992203,54.59856826718516,24.9952554806867
2022-12-22,2676.5,2645.35009765625,2604.8154296875,2360.8212713623047,2567.3833184424248,2610.5969223266757,51.305937709261116,24.17296875873557
2022-12-23,2632.0,2621.10009765625,2580.93701171875,2363.935884399414,2567.9148358258103,2607.772168935445,47.70264371222996,22.477259387507157
2022-12-26,2620.949951171875,2617.449951171875,2577.3427734375,2367.398775024414,2568.2845588694063,2604.874131268974,47.16568094071618,20.87466942375253
2022-12-27,2625.0,2593.25,2553.513671875,2370.71803894043,2567.7053083990377,2599.9826589457384,43.65702075111256,20.169481478342295
2022-12-28,2593.0,2583.60009765625,2544.011474609375,2373.752735595703,2566.776138446502,2594.652069961323,42.30552903531303,19.514664100461363
2022-12-29,2580.25,2568.050048828125,2528.69970703125,2376.206463623047,2565.2829450576687,2588.370892539411,40.14869515320334,19.765641832598952
2022-12-30,2579.949951171875,2561.050048828125,2521.806884765625,2378.6623278808593,2563.5780015168043,2582.0314632276218,39.180319252817,19.89582360100739
2023-01-02,2573.89990234375,2558.39990234375,2519.197509765625,2381.275301513672,2561.837590075582,2576.047277183622,38.79880132860515,20.376439347284894
2023-01-03,2550.050048828125,2542.050048828125,2503.09814453125,2383.9100665283204,2559.534082407177,2569.099740740539,36.44106632127684,20.886415179151918
2023-01-04,2550.5,2536.10009765625,2497.2392578125,2386.350955810547,2557.0911481093467,2562.255885223583,35.59337662400449,21.530743488058242
2023-01-05,2537.550048828125,2583.699951171875,2544.10986328125,2388.8812493896485,2556.582078116088,2560.5276926576466,46.34607517631489,20.919355072778444
2023-01-06,2580.0,2576.449951171875,2536.970947265625,2391.6223571777346,2555.8130141611678,2558.284193096502,45.1107442216365,19.729878917828454
2023-01-09,2589.35009765625,2624.050048828125,2583.841796875,2394.877536010742,2556.91218211073,2560.718250599216,53.81491403073457,18.52250449731951
2023-01-10,2624.050048828125,2643.85009765625,2603.33837890625,2398.302671508789,2558.7328172791817,2564.777310437981,56.878132107785305,18.031062208417925
2023-01-11,2644.0,2593.25,2553.513671875,2401.5400073242185,2558.5281449103904,2563.704582955793,48.09846016358726,16.782059560018315
2023-01-12,2586.10009765625,2590.050048828125,2550.36279296875,2404.824125366211,2558.207935030326,2562.43393629036,47.59808689201022,15.956408766936535
2023-01-13,2590.199951171875,2624.0,2583.792236328125,2408.1682550048827,2559.2112409635733,2564.4680601034806,53.16501291858729,15.409729805902268
2023-01-16,2627.949951171875,2597.10009765625,2557.3046875,2411.3220153808593,2559.1364741610805,2563.7858341412443,48.74619284146779,14.90209934208473
2023-01-17,2605.449951171875,2667.550048828125,2626.675048828125,2414.682770385742,2561.785045716651,2569.775283159043,58.47948929589898,15.482897770141687
2023-01-18,2668.0,2686.199951171875,2645.039306640625,2417.97658203125,2565.0499186940615,2576.943285395384,60.61195639148775,16.37235642382904
2023-01-19,2670.10009765625,2649.75,2609.14794921875,2420.947928466797,2566.7792532244416,2580.010396235705,54.699054693548234,15.815266619697113
2023-01-20,2550.0,2548.75,2509.6953125,2423.1781677246095,2564.5406673136795,2573.3137215942093,42.365994225102234,15.658907400053137
2023-01-23,2560.0,2596.39990234375,2556.615234375,2425.5879846191406,2564.2298660219667,2571.7233894780943,48.28970342420894,15.513716696098015
2023-01-24,2604.0,2600.5,2560.65234375,2428.0070788574217,2564.089571030909,2570.6690041706565,48.77753879470133,15.229457999795343
2023-01-25,2600.5,2622.35009765625,2582.167724609375,2430.423463134766,2564.798518230065,2571.7641204029155,51.40853059925471,14.203569712845162
2023-01-27,2635.5,2612.14990234375,2572.1240234375,2432.7011572265624,2565.085792944082,2571.7983968824,50.11447868962799,13.593630841860682
2023-01-30,2610.0,2568.14990234375,2528.798095703125,2434.8591772460936,2563.6627459934566,2567.7031301034217,44.86773958386672,13.948284820533592
2023-01-31,2568.0,2576.75,2537.266357421875,2437.208850097656,2562.6275935004533,2564.8043898480364,46.056505684449235,14.27760637215844
2023-02-01,2600.199951171875,2574.25,2534.8046875,2439.4497448730467,2561.5364991474944,2561.9472753387,45.747703656914624,14.239935387564246
2023-02-02,2569.5,2634.85009765625,2594.47607421875,2441.8653784179687,2562.8282471895045,2565.045256184419,53.82897468151039,13.299580169003333
2023-02-03,2640.0,2648.75,2608.1630859375,2444.6626123046876,2564.6060840031514,2569.151716160903,55.467546064953396,12.667299913671808
2023-02-06,2631.0,2637.60009765625,2597.18408203125,2447.1533520507815,2565.883652553273,2571.8214652914126,53.817639037753516,12.149970311288559
2023-02-07,2645.0,2601.199951171875,2561.341796875,2449.3049047851564,2565.70554056589,2570.823401632707,48.72237808102318,11.76565727214207
2023-02-08,2592.699951171875,2582.800048828125,2543.223876953125,2451.7100573730468,2564.8239066987226,2568.194875472747,46.334335546222405,11.775839265383178
2023-02-09,2587.0,2586.699951171875,2547.06396484375,2454.2614233398435,2564.127438390685,2566.182407793795,46.928075032878404,12.046146339868056
2023-02-10,2585.0,2577.5,2538.0048828125,2456.536739501953,2563.1030244464423,2563.498833986053,45.645091118665285,12.520740077851277
2023-02-13,2560.0,2581.0,2541.451171875,2458.8450439453127,2562.2539321887384,2561.399056642143,46.247154376694525,13.075625176307359
2023-02-14,2585.0,2579.60009765625,2540.072998046875,2460.677434082031,2561.3840916341555,2559.368003442594,46.02759166598239,13.224629091156485
2023-02-15,2550.0,2548.449951171875,2509.39990234375,2462.3903942871093,2559.345495975708,2554.6091366712753,41.325121952694786,14.085980949445744
2023-02-16,2560.0,2527.10009765625,2488.37744140625,2464.0193286132812,2556.5624350122002,2548.3013561698444,38.42738341232064,15.162886787906862
2023-02-17,2525.0,2515.5,2476.955078125,2465.8769274902343,2553.440577879369,2541.506472546526,36.91284708581855,16.462858574726006
2023-02-20,2518.0,2511.449951171875,2472.967041015625,2467.7385827636717,2550.2847529043206,2534.978907638821,36.373813748978996,17.669975233915213
2023-02-21,2528.0,2516.14990234375,2477.594970703125,2469.7077307128907,2547.434173210156,2529.5137707878025,37.51414762116181,18.75201804080421
2023-02-22,2516.14990234375,2494.050048828125,2455.833740234375,2471.7258654785155,2543.8419993679686,2522.496625020809,34.392780838643624,20.33359625398456
2023-02-23,2492.0,2490.64990234375,2452.485595703125,2473.4182165527345,2540.2593953026803,2515.828907942934,33.92507162378199,21.85065181145723
2023-02-24,2492.199951171875,2484.199951171875,2446.134521484375,2475.1607373046877,2536.568223780394,2509.1913473278332,33.00809807225178,23.412164586282522
2023-02-27,2487.0,2468.14990234375,2430.330322265625,2476.943975830078,2532.4020315641283,2501.680773512385,30.77865845885681,25.150190552809736
2023-02-28,2469.75,2460.64990234375,2422.9453125,2478.422208251953,2528.1096112086725,2494.182158177872,29.766910727271657,27.098573140191547
2023-03-01,2458.0,2466.25,2428.459716796875,2479.815789794922,2524.2017722121313,2487.9228780463486,31.57560730856567,28.907785542760372
2023-03-02,2466.25,2455.35009765625,2417.726806640625,2481.0211791992188,2520.02628336619,2481.23753791247,29.958469107706414,30.655798648679678
2023-03-03,2466.0,2471.0,2433.13671875,2482.078681640625,2516.618849459673,2476.6565075160443,35.097971208887344,31.217650473031195
2023-03-06,2481.949951171875,2484.85009765625,2446.774658203125,2483.3345349121096,2513.87986156726,2473.8106171052905,39.34025098678076,31.29592360410138
2023-03-08,2487.0,2485.10009765625,2447.020751953125,2484.2939685058595,2511.257935700039,2471.259201376513,39.417204217037785,31.578125036315026
2023-03-09,2484.85009765625,2461.39990234375,2423.683837890625,2484.875662841797,2507.823657354572,2466.728214377857,34.89622767387506,32.090522296276895
2023-03-10,2450.0,2465.449951171875,2427.671875,2485.8173706054686,2504.6804502034124,2463.0085630085377,36.242030273214986,32.840181407332885
2023-03-13,2466.0,2455.10009765625,2417.48046875,2486.761202392578,2501.260843087592,2458.672554031534,34.29120844843005,32.58659781295599
2023-03-14,2462.0,2442.449951171875,2405.0244140625,2487.7324377441405,2497.486865478765,2453.5632073678166,32.022438002574646,32.494849295264416
2023-03-15,2451.89990234375,2406.10009765625,2369.2314453125,2488.280380859375,2492.4572411585195,2445.5316109815963,26.580300082187808,33.461625869391916
2023-03-16,2424.949951171875,2459.35009765625,2421.66552734375,2489.0015380859377,2489.6810955187248,2443.2586506351345,42.103129109794295,33.877834653811114
2023-03-17,2471.64990234375,2447.39990234375,2409.898193359375,2489.6430126953123,2486.552354257574,2440.0814642279192,40.05631520350329,33.60898694417936
2023-03-20,2447.39990234375,2511.199951171875,2472.720703125,2490.815780029297,2486.0099365661004,2443.1899631704982,53.150791388752495,32.00418842230959
2023-03-21,2515.0,2462.60009765625,2424.86572265625,2491.8639221191406,2483.61212425591,2441.4447974072364,45.07355093190324,30.27544055788872
2023-03-22,2472.60009765625,2476.35009765625,2438.405029296875,2492.9451000976565,2481.839297002615,2441.15529568244,47.50425102307182,28.807718849426212
2023-03-23,2475.0,2485.10009765625,2447.020751953125,2494.124862060547,2480.4738638634194,2441.7139105653623,49.04943027522046,26.755514338262138
2023-03-24,2472.199951171875,2480.800048828125,2442.78662109375,2495.6174670410155,2478.9959327744127,2441.816073472828,48.297058215038206,24.849895863609785
2023-03-27,2485.0,2499.0,2460.707763671875,2497.2702111816407,2478.2787496723527,2443.6152820632133,51.67575975054912,23.336619492344404
2023-03-28,2509.800048828125,2482.800048828125,2444.756103515625,2498.8400463867188,2476.964136097579,2443.723931725348,48.629550668146464,22.247807049220956
2023-03-29,2485.0,2530.85009765625,2492.06982421875,2500.6357861328124,2477.5565160238993,2448.3283024390053,56.769615014886874,22.108885250232344
2023-03-31,2558.800048828125,2560.35009765625,2521.117919921875,2502.59130859375,2479.2648063728398,2455.2606469611833,60.869273096289525,22.74746037776649
2023-04-03,2570.0,2536.10009765625,2497.2392578125,2504.552995605469,2479.969686821454,2459.2586098994043,56.15490751594429,23.37881378388019
2023-04-05,2512.5,2582.75,2543.174560546875,2506.7710119628905,2482.4483093204904,2467.250605199163,62.21724416640705,24.411176521971633
2023-04-06,2575.0,2565.25,2525.942626953125,2508.902136230469,2484.1539688354956,2472.840321556683,58.92572702195196,25.36979906448511
2023-04-10,2565.25,2532.14990234375,2493.349609375,2511.047578125,2484.5145821899864,2474.7935870631895,53.193550311433015,24.903383605600258
2023-04-11,2540.0,2547.75,2508.7109375,2512.8519262695313,2485.4634588688104,2478.0238109143143,55.395861353787204,24.47028353663575
2023-04-12,2556.0,2528.949951171875,2490.19873046875,2514.5192102050783,2485.6491557942986,2479.1833270623556,52.20782910149197,23.42553144354792
2023-04-13,2525.0,2536.199951171875,2497.337890625,2516.2327038574217,2486.1075375523656,2480.912333115941,53.32345276923177,22.679629819230836
2023-04-17,2573.0,2551.85009765625,2512.748291015625,2517.7799438476563,2487.1522729822973,2483.944329106387,55.725943690549464,22.54339939961351
2023-04-18,2560.0,2541.050048828125,2502.113525390625,2519.023125,2487.738988763016,2485.674728752505,53.67281537409043,21.882754702578666
2023-04-19,2548.0,2531.60009765625,2492.80859375,2520.137863769531,2487.9377968017216,2486.354144466552,51.87203040951635,20.431245374803954
2023-04-20,2517.800048828125,2492.60009765625,2454.406005859375,2521.0752612304686,2486.622824607904,2483.311464599202,45.14060762592725,19.918718044650287
2023-04-21,2492.0,2497.949951171875,2459.673828125,2522.4507836914063,2485.5660012164176,2481.060261125468,46.17249704496609,19.442799809507594
2023-04-24,2502.0,2499.75,2461.4462890625,2523.8491064453124,2484.620130151558,2479.1922637861376,46.53688721257911,19.346134669115887
2023-04-25,2490.85009765625,2490.449951171875,2452.288818359375,2524.948553466797,2483.3522355714726,2476.6300308883506,44.8476686819719,19.2563741816093
2023-04-26,2490.0,2510.800048828125,2472.3271484375,2525.6941040039064,2482.9198792132775,2476.220232559698,49.193551535195844,18.324862187449693
2023-04-27,2513.949951171875,2468.949951171875,2431.1181640625,2526.1049877929686,2480.888439403443,2471.924797464727,41.884191629597275,18.33125774809997
2023-04-28,2436.050048828125,2457.300048828125,2419.646728515625,2525.9846179199217,2478.4868036823523,2466.9459337552885,40.09809303120117,19.353501576509043
2023-05-02,2471.800048828125,2451.699951171875,2414.132568359375,2525.961141357422,2475.9631081794905,2461.9160894318684,39.23204392785544,19.848019387564047
2023-05-03,2456.949951171875,2486.0,2447.906982421875,2525.9896520996094,2474.862867953702,2460.58188876425,46.809844752972005,19.790197031363135
2023-05-04,2486.949951171875,2506.75,2468.339111328125,2526.150889892578,2474.6070343605425,2461.3206718655715,50.806415502593005,18.966763244091858
2023-05-05,2500.0,2500.75,2462.430908203125,2526.4833447265623,2474.1295392171146,2461.426408659624,49.64481543258994,17.80834081397072
2023-05-08,2505.75,2516.300048828125,2477.74267578125,2526.6566333007813,2474.271230847081,2462.980338861684,52.66527172641771,16.59004036293681
2023-05-09,2525.0,2515.800048828125,2477.25048828125,2526.827215576172,2474.3880644719507,2464.3394007111665,52.55614232357604,15.45876137269104
2023-05-10,2521.0,2522.699951171875,2484.044677734375,2526.686007080078,2474.766755188124,2466.216093760996,53.97393602496771,14.794940929954526
2023-05-11,2536.949951171875,2592.39990234375,2552.676513671875,2526.9613146972656,2477.8220398345456,2474.450419466794,65.26574816331105,16.00973666251492
2023-05-12,2594.0,2623.39990234375,2583.201416015625,2527.3185791015626,2481.9545643906667,2484.807657233349,68.91816102542914,17.91032863856652
2023-05-15,2637.949951171875,2662.25,2621.456298828125,2527.6883654785156,2487.425220643116,2497.821813575709,72.78103701230374,20.140578864726233
2023-05-16,2670.0,2675.89990234375,2634.89697265625,2528.110928955078,2493.2084266044153,2510.876590630998,74.00350556902636,22.318794459076226
2023-05-17,2672.0,2661.75,2620.964111328125,2528.3017053222657,2498.2184534563257,2521.361116411677,70.47024350431357,24.184973571490875
2023-05-18,2665.5,2627.550048828125,2587.2880859375,2528.4072424316405,2501.7113802202934,2527.639875414136,62.68053112392552,24.857162272333728
2023-05-19,2628.64990234375,2641.449951171875,2600.974853515625,2528.955341796875,2505.6040654475614,2534.6241590428494,64.40278215760505,24.68835773906543
2023-05-22,2635.0,2638.10009765625,2597.676513671875,2529.316513671875,2509.2147496916523,2540.629145197995,63.64057280789749,24.678348006606424
2023-05-23,2632.0,2628.300048828125,2588.026611328125,2529.442860107422,2512.3054109322984,2545.1431895913406,61.352783051126195,24.669053255037344
2023-05-24,2620.0,2614.949951171875,2574.881103515625,2529.4188720703123,2514.7593596610564,2547.975371869844,58.27926861869731,23.993661371611186
2023-05-25,2610.0,2597.25,2557.452392578125,2529.5248815917967,2516.4335962460395,2548.8779452706326,54.38895773438743,22.41763650610286
2023-05-26,2603.75,2652.35009765625,2611.708251953125,2529.6955444335936,2520.1698572541604,2554.8617840022985,62.729613147844596,21.804702863519584
2023-05-29,2670.0,2650.300048828125,2609.689453125,2529.899638671875,2523.680429641252,2560.083466775889,62.27329983173053,21.783834001200358
2023-05-30,2655.5,2656.550048828125,2615.843505859375,2530.126678466797,2527.294667924316,2565.393946688602,63.15321931794777,21.764455771903933
2023-05-31,2656.550048828125,2667.550048828125,2626.675048828125,2530.3225366210936,2531.1919377636814,2571.2302421304616,64.71320332776918,22.102548284911034
2023-06-01,2667.0,2697.89990234375,2656.559814453125,2530.6436096191405,2536.108325084836,2579.3568680659537,68.65611971777719,23.41105232816022
2023-06-02,2710.0,2716.699951171875,2675.07177734375,2531.0941662597656,2541.557872232245,2588.472573711458,70.83043531419194,24.74065379437126
2023-06-05,2716.449951171875,2695.800048828125,2654.4921875,2531.584141845703,2545.9866689094115,2594.7601559770333,65.39905491306445,25.66753003275191
2023-06-06,2700.0,2691.14990234375,2649.913330078125,2532.142921142578,2550.062224249361,2600.012839224756,64.21911547173032,25.962786351444407
2023-06-07,2690.0,2716.199951171875,2674.57958984375,2532.582703857422,2554.945258194239,2607.114434521803,67.6094138146584,26.627427267752015
2023-06-08,2707.0,2679.89990234375,2638.8359375,2532.647410888672,2558.2350887552498,2610.135530043536,58.900113145036734,27.059419575753743
2023-06-09,2688.949951171875,2636.199951171875,2595.805419921875,2532.5096801757813,2559.7084350755094,2608.770757650997,50.471025521706196,25.54007523130632
2023-06-12,2645.0,2643.449951171875,2602.9443359375,2532.6399462890627,2561.403960599509,2608.2158603449498,51.70583370503129,24.12925548289086
2023-06-13,2629.60009765625,2675.89990234375,2634.89697265625,2532.968367919922,2564.286039503695,2610.7569186603114,56.88678687224448,23.80460633236362
2023-06-14,2671.0,2698.75,2657.39697265625,2533.575323486328,2567.937448646933,2615.1988285646867,60.130319344152994,23.61636227027396
2023-06-15,2713.949951171875,2689.699951171875,2648.485595703125,2534.1597290039062,2571.096199511882,2618.368996863586,58.260794495467835,23.78072516281697
2023-06-16,2689.699951171875,2715.64990234375,2674.037841796875,2534.9406091308592,2575.133126660313,2623.670791619137,61.91705558400705,24.07436605796939
2023-06-19,2702.0,2683.25,2663.713623046875,2535.6828271484374,2578.6068716166487,2627.484394612255,59.64368472881414,24.027850563316797
2023-06-20,2670.0,2676.10009765625,2656.615966796875,2536.3687719726563,2581.6660518197946,2630.2588300584093,58.06527790834378,23.016005565680803
2023-06-21,2685.949951171875,2676.60009765625,2657.1123046875,2536.6461462402344,2584.6247284028423,2632.8163038326084,58.148686488426605,22.747465197455192
2023-06-22,2668.64990234375,2654.35009765625,2635.024169921875,2537.0764367675783,2586.601177089863,2633.0265767934907,53.08810440795335,21.839407998502885
2023-06-23,2651.300048828125,2641.60009765625,2622.3671875,2537.4551806640625,2588.003765733398,2632.011396860777,50.38231199750268,20.34989806918091
2023-06-26,2642.14990234375,2652.10009765625,2632.79052734375,2537.900712890625,2589.760109325961,2632.0855997639173,52.528139998987285,19.347441510621927
2023-06-27,2652.10009765625,2651.35009765625,2632.046142578125,2538.477014160156,2591.4183851397715,2632.0818419366988,52.35400600359306,18.223318544177378
2023-06-28,2652.949951171875,2661.25,2641.873779296875,2539.1440234375,2593.397028047893,2633.0144073995725,54.49863544740329,17.894441712296672
2023-06-30,2665.949951171875,2678.14990234375,2658.65087890625,2539.8335424804686,2595.956002591358,2635.4559761144938,57.9761886490687,17.58905608269316
2023-07-03,2687.0,2701.050048828125,2681.38427734375,2540.5802416992187,2599.3061310130206,2639.8301000410897,62.19273420024136,17.827422179041964
2023-07-04,2701.050048828125,2700.0,2680.341796875,2541.3623205566405,2602.48400026251,2643.6883568824146,61.88608445335505,18.07059613562213
2023-07-05,2699.949951171875,2755.85009765625,2735.78515625,2542.3912939453126,2607.711496575745,2652.459480631708,70.27929865818979,19.450832246325035
2023-07-06,2759.89990234375,2757.10009765625,2737.026123046875,2543.5008093261717,2612.7826583981423,2660.5134465760098,70.436226468454,20.835074684683324
2023-07-07,2753.10009765625,2698.10009765625,2678.455810546875,2544.37126953125,2615.358076129465,2662.2222431446635,55.53262775705574,20.488477708357493
2023-07-10,2709.89990234375,2656.550048828125,2637.208251953125,2545.193212890625,2616.2149457696087,2659.8399582692787,47.853465380039665,19.03150779957696
2023-07-11,2657.10009765625,2684.5,2664.95458984375,2545.9039794921873,2618.126304360752,2660.327066038276,52.60158400579411,17.817987593489203
2023-07-12,2704.949951171875,2673.64990234375,2654.18359375,2546.5398608398436,2619.54031570935,2659.7419734393925,50.672704610476686,16.59311656150229
2023-07-13,2684.949951171875,2654.699951171875,2635.37158203125,2546.8858154296877,2620.161149682758,2657.420983781474,47.40322807765017,15.45573631751444
2023-07-14,2655.0,2676.89990234375,2657.409912109375,2547.003778076172,2621.621885464194,2657.4199293365123,51.36240034995804,14.394796851355391
2023-07-17,2670.0,2681.699951171875,2662.175048828125,2547.1978955078125,2623.212205596113,2657.872797859523,52.200223849014634,13.936147875390942
2023-07-18,2685.550048828125,2682.800048828125,2663.26708984375,2547.5026196289064,2624.7829853705302,2658.3865399532588,52.40257799284668,13.510259540566812
2023-07-19,2682.75,2671.60009765625,2652.148681640625,2547.6603002929687,2625.856149930142,2657.7924582091982,50.078115386972875,12.576360863015852
2023-07-20,2669.050048828125,2703.25,2683.568115234375,2547.8633264160158,2628.1193642557982,2660.2472826877865,56.01567836987906,12.294466718807813
2023-07-21,2650.0,2604.0,2585.040771484375,2547.5812976074217,2626.4300076765267,2653.084757811271,39.96376624196036,12.732542926638375
2023-07-24,2604.0,2580.25,2561.463623046875,2547.2014343261717,2623.8823063185014,2644.358935452757,37.21549165962942,13.514817505184245
2023-07-25,2580.199951171875,2568.14990234375,2549.45166015625,2547.1231689453125,2620.963457449394,2635.32014732928,35.86236027294347,14.509906284211686
2023-07-26,2579.5,2583.300048828125,2564.491455078125,2546.8978271484375,2618.748869121109,2628.574557591075,38.8598343372206,14.992237966137107
2023-07-27,2561.0,2569.85009765625,2551.139404296875,2546.8695715332033,2616.0975175593744,2621.1997810868656,37.197761653224056,15.86951046528831
2023-07-28,2570.0,2584.60009765625,2565.781982421875,2546.984461669922,2614.124359318688,2615.9218954997236,40.21755350409228,16.286012609260062
2023-07-31,2575.050048828125,2560.800048828125,2542.1552734375,2546.952364501953,2611.3020422253085,2608.8965029223687,37.11630224138384,16.93469219182445
2023-08-01,2570.0,2551.10009765625,2532.52587890625,2547.140858154297,2608.212780918679,2601.6231101589287,35.9012057341589,17.74467576945856
2023-08-02,2538.0,2568.949951171875,2550.245849609375,2547.218903808594,2605.9395679261575,2596.730037725638,39.80642066342983,18.70305280122512
2023-08-03,2557.949951171875,2551.300048828125,2532.724365234375,2547.3313635253908,2603.068383506872,2590.6342593931367,37.38125433213854,19.592974330722637
2023-08-04,2551.300048828125,2546.0,2527.463134765625,2547.3715441894533,2600.1034717915295,2584.6179618095643,36.65903265888018,20.47356460286605
2023-08-07,2540.0,2569.199951171875,2550.494140625,2547.454744873047,2598.1580078242146,2581.3680740777013,41.94658502754488,20.56785926651501
2023-08-08,2569.199951171875,2565.85009765625,2547.168701171875,2547.4640991210936,2596.1584271711818,2578.110990943813,41.40907527948415,20.151199859842254
2023-08-09,2565.85009765625,2552.199951171875,2533.617919921875,2547.499842529297,2593.7058582594445,2573.8735556083902,39.20449666323856,20.221115355609907
2023-08-10,2549.050048828125,2536.699951171875,2518.230712890625,2547.3711096191405,2590.746048637138,2568.5742372543173,36.80812642994088,20.67610261939683
2023-08-11,2535.0,2501.800048828125,2483.5849609375,2546.8099475097656,2586.5436530410734,2560.4800204622393,32.056817047841065,21.81851525483905
2023-08-14,2501.800048828125,2533.10009765625,2514.656982421875,2546.7993029785157,2583.7245679187517,2556.1159216012525,39.58852140154667,23.120638981401253
2023-08-16,2534.0,2552.60009765625,2534.01513671875,2547.2165405273436,2581.7751784599286,2554.011084945776,43.77057988869594,23.59457162498614
2023-08-17,2552.60009765625,2543.25,2524.733154296875,2547.520855712891,2579.538236335887,2551.2227105982615,42.259939856728316,23.769519771835668
2023-08-18,2532.10009765625,2554.75,2536.1494140625,2547.8565771484373,2577.836713893794,2549.7871585472367,44.78406511474727,23.59352577528572
2023-08-21,2554.75,2562.75,2544.091064453125,2548.1026525878906,2576.513355092199,2549.2446733954166,46.53501894173174,23.09070024467395
2023-08-22,2573.60009765625,2565.800048828125,2547.118896484375,2548.274753417969,2575.360631225226,2549.042218451508,47.22219385375716,22.6188770699865
2023-08-23,2575.0,2574.050048828125,2555.308837890625,2548.652736816406,2574.574286388575,2549.639039350471,49.126865320638224,21.754660712842316
2023-08-24,2585.0,2581.25,2562.456298828125,2548.928356933594,2574.099071190126,2550.8597307292953,50.79575263916132,20.551077110579325
2023-08-25,2567.0,2563.550048828125,2544.88525390625,2549.244129638672,2572.9534312966407,2550.2907329366244,46.73667971591153,20.064799476907833
2023-08-28,2565.0,2555.699951171875,2537.09228515625,2549.459641113281,2571.5471118401547,2549.0337379099224,45.01845459046817,20.074830982979822
2023-08-29,2558.89990234375,2526.14990234375,2507.75732421875,2549.646639404297,2569.045551541276,2545.1026508917153,39.179344797337706,20.644703477320096
2023-08-30,2526.14990234375,2531.949951171875,2513.515380859375,2549.8387951660156,2566.8678977890445,2542.0943394600636,40.80240716421864,21.240631268793248
2023-08-31,2532.050048828125,2505.050048828125,2486.811279296875,2549.949372558594,2563.7284225540575,2536.8292861111886,36.003761214894546,22.61286551559965
2023-09-01,2505.050048828125,2504.800048828125,2486.56298828125,2550.281491699219,2560.7023270923787,2532.0420196511946,35.96141277796453,23.887083030491315
2023-09-04,2514.0,2501.39990234375,2483.187744140625,2550.598211669922,2557.6625395256433,2527.389231507331,35.35266065673699,25.279873968745044
2023-09-05,2510.0,2507.050048828125,2488.796630859375,2550.842784423828,2554.961915656378,2523.713745731335,37.25351697627446,25.96905298749216
2023-09-06,2513.449951171875,2523.5,2505.126953125,2551.256892089844,2553.007603400246,2521.9435750069224,42.55004303137939,26.44031833388516
2023-09-07,2510.0,2507.449951171875,2489.193603515625,2551.474649658203,2550.505093600849,2518.8245301029892,39.08353232290014,27.120301580010914
2023-09-08,2504.0,2513.800048828125,2495.49755859375,2551.6367822265624,2548.3479353652765,2516.602913768776,41.12714390461499,27.751714594270542
2023-09-11,2513.800048828125,2536.25,2517.783935546875,2551.839942626953,2547.149347137104,2516.715392033357,47.7950077647794,27.146663553884053
2023-09-12,2549.0,2498.85009765625,2480.656494140625,2551.898575439453,2544.5417842744973,2513.281211281668,39.72342756098741,27.36202442194482
2023-09-13,2494.0,2506.550048828125,2488.30029296875,2551.7896313476563,2542.3362355958407,2510.9020762042474,41.89892756956183,27.562002370858384
2023-09-14,2511.0,2500.800048828125,2482.592041015625,2551.7097485351565,2539.99332600446,2508.2058823767597,40.717068712486565,27.414815611583737
2023-09-15,2474.800048828125,2469.699951171875,2451.718505859375,2551.535809326172,2536.5315683517115,2502.826132232247,34.97136528956174,28.19799292226201
2023-09-18,2471.35009765625,2488.64990234375,2470.530517578125,2550.9192810058594,2533.943291850787,2499.750359408045,40.482545495647166,29.042934692628904
2023-09-20,2449.64990234375,2466.85009765625,2448.889404296875,2549.947639160156,2530.6078452800457,2494.9064589212667,36.63595035281135,30.29466907084828
2023-09-21,2466.0,2473.35009765625,2455.342041015625,2549.1141137695313,2527.656245112814,2491.1384191207294,38.51198745089011,31.244433083327127
2023-09-22,2468.0,2482.449951171875,2464.375732421875,2548.560847167969,2525.174656379836,2488.589591816077,41.139444191534295,31.628476087155768
2023-09-25,2482.449951171875,2475.85009765625,2457.823974609375,2547.9514367675783,2522.5334531731514,2485.6595330344862,39.810756781808806,31.32591725942073
2023-09-26,2474.0,2478.949951171875,2460.901123046875,2547.1865698242186,2520.1164990505526,2483.3015892261424,40.77819082348786,31.044969776523914
2023-09-27,2476.0,2501.75,2483.53515625,2546.2749182128905,2518.6819365877864,2483.323833704605,47.46678228883949,29.7543542408035
2023-09-28,2500.0,2460.35009765625,2442.436767578125,2545.167130126953,2515.6919299599567,2479.4298274068447,38.88005937250602,29.231170139246068
2023-09-29,2465.550048828125,2465.60009765625,2447.6484375,2544.002687988281,2513.023557706625,2476.4030283680977,40.353588640113195,28.853950052461837
2023-10-03,2490.0,2468.89990234375,2450.92431640625,2542.8792419433594,2510.5882933419043,2473.976484371731,41.31136794826699,26.998577141681668
2023-10-04,2467.050048828125,2507.85009765625,2489.5908203125,2541.9833447265623,2509.764863027026,2475.463563985138,51.25990558531455,25.435181839844947
2023-10-05,2518.0,2519.550048828125,2501.20556640625,2541.271807861328,2509.429204336015,2477.9151832633393,53.79367000390472,24.573942035897808
2023-10-06,2519.949951171875,2499.39990234375,2481.2021484375,2540.565614013672,2508.3222609674463,2478.2282275656403,49.06309452421504,23.700295351484673
2023-10-09,2485.0,2511.300048828125,2493.015625,2539.8788537597657,2507.722000733429,2479.6365511308177,51.76107393031549,22.195165948985352
2023-10-10,2512.199951171875,2516.199951171875,2497.8798828125,2538.985999755859,2507.3360353247654,2481.374011290978,52.868066918619725,21.007724332590875
2023-10-11,2518.35009765625,2556.39990234375,2537.787109375,2538.5070959472655,2508.5301950914413,2486.7466872989803,60.813283788750624,21.54965393363377
2023-10-12,2555.0,2557.0,2538.3828125,2538.0722814941405,2509.7008859702087,2491.6644135086017,60.919188940544245,22.16233888130475
2023-10-13,2553.050048828125,2569.449951171875,2550.7421875,2537.801915283203,2511.3103487752987,2497.290868174449,63.144698664510926,23.008176305170227
2023-10-16,2560.0,2558.300048828125,2539.673583984375,2537.5955981445313,2512.422632508988,2501.3273172992035,59.85721617867399,23.95129536676407
2023-10-17,2558.300048828125,2556.14990234375,2537.5390625,2537.396579589844,2513.407590547851,2504.7760549373747,59.21694356912447,24.436631255779904
2023-10-18,2570.050048828125,2548.25,2529.696533203125,2537.2774938964844,2514.046372612764,2507.149433819827,56.81240426759361,24.455459331398004
2023-10-19,2525.0,2548.10009765625,2529.5478515625,2537.20517578125,2514.6542737480477,2509.2826164619864,56.76534392940802,23.62648974721165
2023-10-20,2520.0,2495.14990234375,2476.983154296875,2536.946593017578,2513.176974946041,2506.2064772081667,43.155109537857115,22.789209888480286
2023-10-23,2494.0,2483.5,2465.41796875,2536.6646484375,2511.304072742275,2502.321857355008,40.83525515413705,22.18188665926241
2023-10-25,2475.050048828125,2477.300048828125,2459.26318359375,2536.3649768066407,2509.26325355998,2498.221031282507,39.614775136343724,22.149654178886056
2023-10-26,2461.0,2476.39990234375,2458.36962890625,2536.1413342285155,2507.2674251421868,2494.425659627625,39.43051948305051,22.42105646309883
2023-10-27,2467.300048828125,2482.050048828125,2463.978759765625,2535.9750317382814,2505.5698304215375,2491.525954878863,41.276943320133356,22.40223285034524
2023-10-30,2471.0,2478.89990234375,2460.8515625,2535.558740234375,2503.816172855987,2488.6045841761143,40.53503122687728,22.43655144325371
2023-10-31,2470.199951171875,2484.0,2465.914306640625,2535.20345703125,2502.3298251612673,2486.4436053632107,42.3418758816146,22.46841870809729
2023-11-01,2485.0,2472.25,2454.25,2534.555498046875,2500.4443418216097,2483.377547709572,39.373484875301386,22.372323692527807
2023-11-02,2475.0,2486.800048828125,2486.800048828125,2533.9728063964844,2499.9092715081397,2483.703500197053,49.92368654056766,22.4348387537927
2023-11-03,2497.0,2509.25,2509.25,2533.7514880371095,2500.275574586252,2486.136500178286,55.65543350137442,21.43391430410923
2023-11-06,2515.0,2497.39990234375,2497.39990234375,2533.486673583984,2500.1628031257615,2487.2092051464256,52.2554451892214,20.197905626098088
2023-11-07,2496.0,2496.449951171875,2496.449951171875,2533.049962158203,2500.0172010883543,2488.0892761964687,51.981299749752985,19.360740133751733
2023-11-08,2498.0,2519.35009765625,2519.35009765625,2532.8601892089846,2500.7753538949387,2491.0664972878762,57.73738829626246,18.471414091972033
2023-11-09,2520.050048828125,2476.699951171875,2476.699951171875,2532.1103137207033,2499.831220454819,2489.6982548006376,46.546365278353996,17.878687742211035
2023-11-10,2477.0,2486.550048828125,2486.550048828125,2531.3178674316405,2499.3103901949485,2489.3984256603985,49.0047350058999,17.655603174167844
2023-11-13,2477.199951171875,2478.14990234375,2478.14990234375,2530.6628771972655,2498.4805671419604,2488.3271377254796,47.01876720647717,17.44845321812774
2023-11-15,2501.89990234375,2486.39990234375,2486.39990234375,2530.5464001464843,2498.006815581246,2488.143591498648,49.196379660915824,16.36623536243283
2023-11-16,2480.199951171875,2491.199951171875,2491.199951171875,2530.2193237304687,2497.739879722055,2488.434673372289,50.47189771527619,15.216047744425547
2023-11-17,2465.0,2528.800048828125,2528.800048828125,2530.0600622558595,2498.957925569352,2492.2789948442733,59.12838586746907,15.380861723383585
2023-11-20,2534.449951171875,2506.449951171875,2506.449951171875,2529.6814733886717,2499.251730494941,2493.628609732616,53.17859075180387,15.574257008900114
2023-11-21,2505.0,2505.25,2505.25,2529.3471032714842,2499.486956750042,2494.7354088057004,52.87098657072622,15.631203317732508
2023-11-22,2507.75,2521.89990234375,2521.89990234375,2529.3126123046877,2500.3658957929324,2497.322503428372,56.62048282212373,16.00491477954673
2023-11-23,2506.199951171875,2519.89990234375,2519.89990234375,2529.225780029297,2501.1319352655137,2499.472731896503,56.04369731093819,16.50548513659728
2023-11-24,2515.10009765625,2515.199951171875,2515.199951171875,2529.127756347656,2501.6836221638023,2500.970562303681,54.635183171052894,16.97030046814422
2023-11-28,2531.75,2510.550048828125,2510.550048828125,2528.708126220703,2502.0313251702464,2501.882894353628,53.21034456788117,17.935979950669985
2023-11-29,2512.0,2525.050048828125,2525.050048828125,2528.2925610351563,2502.934020215653,2504.089290017866,56.97817183258598,18.832682327301054
2023-11-30,2516.14990234375,2545.550048828125,2545.550048828125,2528.0343908691407,2504.6052370239854,2508.0379337140807,61.67682281588696,20.638062484212558
2023-12-01,2547.5,2563.64990234375,2563.64990234375,2528.0459313964843,2506.920714095349,2513.3343116788114,65.2821375692324,23.045220857462095
2023-12-04,2577.0,2602.300048828125,2602.300048828125,2528.3413122558595,2510.661080163301,2521.807239026365,71.45717273819156,25.801042229738734
2023-12-05,2637.0,2563.25,2563.25,2528.422242431641,2512.7233907451323,2525.7541686429017,59.870595619745295,28.789628253835385
2023-12-06,2570.0,2567.64990234375,2567.64990234375,2528.570467529297,2514.877371592137,2529.744238519173,60.644908342606485,31.56474384763942
2023-12-07,2551.10009765625,2518.25,2518.25,2528.454461669922,2515.0096315297005,2528.649549136395,49.17273324523645,30.663843377349895
2023-12-08,2519.0,2522.300048828125,2522.300048828125,2528.365596923828,2515.295530247286,2528.0448348213217,50.00770795935432,29.82729294065248
2023-12-11,2522.300048828125,2503.64990234375,2503.64990234375,2528.336846923828,2514.8388389569513,2525.721507918696,46.24061096223896,28.656368471391946
2023-12-12,2500.0,2502.75,2502.75,2528.4087097167967,2514.3647668409926,2523.5337452597723,46.06031145390069,27.482962663979087
2023-12-13,2507.85009765625,2511.89990234375,2511.89990234375,2528.5834338378904,2514.2681054881596,2522.425760220151,48.26896650625111,26.393371557095715
2023-12-14,2521.35009765625,2516.35009765625,2516.35009765625,2528.800349121094,2514.3497522398493,2521.847125690256,49.35514717315357,25.67971915223759
2023-12-15,2520.0,2522.89990234375,2522.89990234375,2529.0268737792967,2514.6850522439236,2521.947390133446,50.98632802461065,25.277005462709052
2023-12-18,2520.14990234375,2535.5,2535.5,2529.425205078125,2515.5013247049465,2523.2381148826416,54.052251304132426,25.332950646793428
2023-12-19,2535.050048828125,2560.699951171875,2560.699951171875,2529.9662768554685,2517.2738198605125,2526.8059088149494,59.507661083095996,26.05607897391202
2023-12-20,2572.949951171875,2557.5,2557.5,2530.523104248047,2518.8513171208847,2529.729155594478,58.55690397085445,26.89023380750257
2023-12-21,2542.25,2553.199951171875,2553.199951171875,2531.1374523925783,2520.1983223777866,2531.9644694589924,57.23359145478597,27.02404167243092
2023-12-22,2559.199951171875,2575.60009765625,2575.60009765625,2531.9007263183594,2522.3709410161573,2536.120243573017,62.045425053617045,27.148291832721526
2023-12-26,2575.60009765625,2584.75,2584.75,2532.682177734375,2524.817178623367,2540.7516489470154,63.83537964674378,27.6480514323458
2023-12-27,2586.0,2608.300048828125,2608.300048828125,2533.6350439453126,2528.0910166706126,2547.1848298880736,68.01625510849159,28.686613690356516
2023-12-28,2613.85009765625,2633.800048828125,2633.800048828125,2534.638360595703,2532.2364689120836,2555.4338983585544,71.81572679663307,30.28377884935835
2023-12-29,2633.800048828125,2663.949951171875,2663.949951171875,2535.724237060547,2537.401703510507,2565.7687605312517,75.51876087369493,32.24843358166732
2024-01-01,2663.85009765625,2654.75,2654.75,2536.762883300781,2542.003597490487,2574.24316429018,72.39316566279967,34.110234204636
2024-01-02,2648.0,2613.800048828125,2613.800048828125,2537.7134643554687,2544.819144601767,2578.010486627127,60.40844115117717,34.11049262455514
2024-01-03,2599.0,2606.550048828125,2606.550048828125,2538.6078552246095,2547.23996437535,2580.728540170079,58.56001968662747,33.561658382664255
2024-01-04,2606.550048828125,2592.550048828125,2592.550048828125,2539.483203125,2549.016830432322,2581.8543981375124,55.05663557906875,32.70109286079752
2024-01-05,2595.0,2620.050048828125,2620.050048828125,2540.5583312988283,2551.802446840001,2585.492079155666,60.1054504755415,32.10984087434711
2024-01-08,2624.949951171875,2578.25,2578.25,2541.6034240722656,2552.8396057874515,2584.8023573313167,50.76955458145239,30.302648863831575
2024-01-09,2582.550048828125,2579.75,2579.75,2542.393846435547,2553.8949153644144,2584.3211804426196,51.063303277716685,28.624541996924297
2024-01-10,2580.0,2577.39990234375,2577.39990234375,2543.231354980469,2554.8166795596826,2583.66201109987,50.55434752689918,26.78888557850487
2024-01-11,2580.0,2536.199951171875,2536.199951171875,2543.5487512207033,2554.0866117797686,2579.141814916252,42.547824537000736,25.882461623698255
2024-01-12,2533.5,2544.0,2544.0,2544.144422607422,2553.6910583766407,2575.7949754004185,44.34493768746027,25.63619565276826
2024-01-15,2546.0,2573.199951171875,2573.199951171875,2544.8183972167967,2554.456112996062,2575.547830235795,50.577455550309104,24.442050205653306
2024-01-16,2573.199951171875,2569.10009765625,2569.10009765625,2545.4287939453125,2555.030386904305,2574.9337604663147,49.735295836591156,23.111849148568776
2024-01-17,2549.0,2562.89990234375,2562.89990234375,2546.0293603515624,2555.3389953529104,2573.7876787403566,48.422178534912454,22.41477062682398
2024-01-18,2570.0,2548.0,2548.0,2546.4658215332033,2555.0511916135806,2571.331709336513,45.32517939531812,21.837341939603316
2024-01-19,2565.0,2565.39990234375,2565.39990234375,2547.0690405273435,2555.4570234069206,2570.7667753372025,49.395546426469934,21.48322874552898
2024-01-23,2451.0,2375.550048828125,2375.550048828125,2546.4864416503906,2548.4018479332426,2552.174706145862,26.347510268025847,24.064812548119743
2024-01-24,2388.0,2441.64990234375,2441.64990234375,2546.0891015625,2544.2154971258115,2541.6485343551844,37.31451513054985,26.46199750766831
2024-01-25,2454.800048828125,2428.300048828125,2428.300048828125,2545.7444055175783,2539.6697932710003,2530.8534404954644,36.143946553007225,27.89817563113022
2024-01-29,2410.0,2444.39990234375,2444.39990234375,2545.2505322265624,2535.9337191169907,2522.619770195301,38.64376168387812,29.360352043219734
2024-01-30,2454.0,2458.64990234375,2458.64990234375,2544.9140686035157,2532.9029812043145,2516.5274018284867,40.85090995659158,29.240389801751444
2024-01-31,2450.0,2481.550048828125,2481.550048828125,2544.855070800781,2530.889140718974,2513.1962253522615,44.317478235191714,29.22181061255133
2024-02-01,2475.10009765625,2473.60009765625,2473.60009765625,2544.6795166015627,2528.642511579259,2509.425165571689,43.36725743437433,28.44830942615368
2024-02-02,2477.0,2452.60009765625,2452.60009765625,2544.4915234375,2525.660456131298,2504.013254341647,40.874167581666285,28.215343386612318
2024-02-05,2464.0,2419.5,2419.5,2544.102333984375,2521.497300988894,2495.9643729757763,37.24018785720442,28.482711689618338
2024-02-06,2424.949951171875,2426.35009765625,2426.35009765625,2543.670343017578,2517.766038113104,2489.3344419929645,38.4595877460643,28.73098225669536
2024-02-07,2439.89990234375,2425.449951171875,2425.449951171875,2543.287025146484,2514.1457994095267,2483.250204771908,38.354130175030456,29.072311156608446
2024-02-08,2441.800048828125,2417.050048828125,2417.050048828125,2542.908232421875,2510.3381229161387,2476.9454280153573,37.32558010885526,29.60418963665601
2024-02-09,2417.050048828125,2424.14990234375,2424.14990234375,2542.756951904297,2506.958192697614,2471.9172827132998,38.81902609271348,30.098076796700177
2024-02-12,2424.10009765625,2385.64990234375,2385.64990234375,2542.3868322753906,2502.2010048406,2463.7013417257235,34.07707058572466,30.971854330934253
2024-02-13,2390.0,2394.0,2394.0,2542.049600830078,2497.9578281801846,2457.063118704226,35.90579029187867,31.814991912590926
2024-02-14,2385.0,2387.949951171875,2387.949951171875,2541.727906494141,2493.6437937877017,2450.4809122725733,35.14506645601229,32.77076917629178
2024-02-15,2368.35009765625,2350.85009765625,2350.85009765625,2541.120521240234,2488.044040998233,2440.992263261495,30.831337112970992,34.02974293054179
2024-02-16,2369.949951171875,2375.25,2375.25,2540.841180419922,2483.620745272812,2434.731095331829,36.3635050050691,35.19878998805965
2024-02-19,2389.5,2387.14990234375,2387.14990234375,2540.6786962890624,2479.837574961869,2430.199553142488,38.928942309726885,35.66386387396159
2024-02-20,2370.10009765625,2404.10009765625,2404.10009765625,2540.628533935547,2476.867477812629,2427.7138907152275,42.48564374604797,35.47933895607273
2024-02-21,2404.10009765625,2407.10009765625,2407.10009765625,2540.4244995117188,2474.131502120222,2425.7506723286583,43.11707362808408,34.68854890073737
2024-02-22,2420.300048828125,2388.10009765625,2388.10009765625,2540.0233044433594,2470.7577215530077,2422.1649033122385,40.11338307817402,34.61168863877395
2024-02-23,2388.550048828125,2394.10009765625,2394.10009765625,2539.681650390625,2467.751540223723,2419.492064678335,41.49933774778701,34.5403183955222
2024-02-26,2391.10009765625,2404.25,2404.25,2539.314187011719,2465.2612837443617,2418.0404394708744,43.86602221954396,34.56554495333252
2024-02-27,2404.050048828125,2405.300048828125,2405.300048828125,2538.954434814453,2462.9098627672543,2416.8270689334695,44.117896970864216,34.468837690696084
2024-02-28,2411.10009765625,2421.550048828125,2421.550048828125,2538.641961669922,2461.287909279445,2417.2768765424844,48.00602362049646,33.59501040897694
2024-02-29,2425.0,2412.300048828125,2412.300048828125,2537.940079345703,2459.3668167127266,2416.8028929506404,46.0422247212726,32.60393851780312
2024-03-01,2416.949951171875,2409.699951171875,2409.699951171875,2537.0725720214846,2457.4190964954387,2416.1264223050434,45.47904728489999,31.212458633251405
